	chembl_cid1	chembl_cid2	core	sub1	sub2	overlap
0	CHEMBL178285	CHEMBL178669	36 103 122 23 102 75 39 33 34 120 55 27 84 70 5 17 14 116 26 57 41 112 1 124 38 82 73 83 123 50 60 115 30 87 80 91 108 63 65 35 97	234 17 134 89 222 166	80 102 121 207 104 61 99 37	178 139 67 183
1	CHEMBL179799	CHEMBL178285	36 103 122 23 102 75 39 33 34 120 55 27 84 70 5 17 14 116 26 57 41 112 1 124 38 82 73 83 123 50 60 115 30 87 80 91 108 63 65 35 97	180 124 239 186 104 19 205 94	234 17 134 89 222 166	178 139 67 183
2	CHEMBL178285	CHEMBL179833	36 103 122 23 102 75 39 33 34 120 55 27 84 70 5 17 14 116 26 57 41 112 1 124 38 82 73 83 123 50 60 115 30 87 80 91 108 63 65 35 97	234 17 134 89 222 166	180 209 239 76 176 104 19 153 211 213	178 139 67 183
3	CHEMBL178285	CHEMBL180201	36 103 122 23 102 75 39 33 34 120 55 27 84 70 5 17 14 116 26 57 41 112 1 124 38 82 73 83 123 50 60 115 30 87 80 91 108 63 65 35 97	234 17 134 89 222 166	70 236 68 221 148 192 160 200 109 34	178 139 67 183
4	CHEMBL180632	CHEMBL178285	36 103 122 23 102 75 39 33 34 120 55 27 84 70 5 17 14 116 26 57 41 112 1 124 38 82 73 83 123 50 60 115 30 87 80 91 108 63 65 35 97	71 198 104 108 227	234 17 134 89 222 166	178 139 67 183
5	CHEMBL178285	CHEMBL180680	36 103 122 23 102 75 39 33 34 120 55 27 84 70 5 17 14 116 26 57 41 112 1 124 38 82 73 83 123 50 60 115 30 87 80 91 108 63 65 35 97	234 17 134 89 222 166	120 24 35 116 117 104 73 100 204 44 93 210	178 139 67 183
6	CHEMBL180697	CHEMBL178285	36 103 122 23 102 75 39 33 34 120 55 27 84 70 5 17 14 116 26 57 41 112 1 124 38 82 73 83 123 50 60 115 30 87 80 91 108 63 65 35 97	64 196 182 107 23	234 17 134 89 222 166	178 139 67 183
7	CHEMBL178285	CHEMBL180830	36 103 122 23 102 75 39 33 34 120 55 27 84 70 5 17 14 116 26 57 41 112 1 124 38 82 73 83 123 50 60 115 30 87 80 91 108 63 65 35 97	234 17 134 89 222 166	80 241 121 10 35 26 141 83 104 61 38 11 96 206 144 43 145	178 139 67 183
8	CHEMBL178285	CHEMBL180835	36 103 122 23 102 75 39 33 34 120 55 27 84 70 5 17 14 116 26 57 41 112 1 124 38 82 73 83 123 50 60 115 30 87 80 91 108 63 65 35 97	234 17 134 89 222 166	146 171 70 36 104 72 18 58 193 48	178 139 67 183
9	CHEMBL178285	CHEMBL181126	36 103 122 23 102 75 39 33 34 120 55 27 84 70 5 17 14 116 26 57 41 112 1 124 38 82 73 83 123 50 60 115 30 87 80 91 108 63 65 35 97	234 17 134 89 222 166	82 136 221 148 104 165 159 150 59	178 139 67 183
10	CHEMBL178285	CHEMBL181202	36 103 122 23 102 75 39 33 34 120 55 27 84 70 5 17 14 116 26 57 41 112 1 124 38 82 73 83 123 50 60 115 30 87 80 91 108 63 65 35 97	234 17 134 89 222 166	161 8 176 158 148 104 187 84 201 106	178 139 67 183
11	CHEMBL181415	CHEMBL178285	36 103 122 23 102 75 39 33 34 120 55 27 84 70 5 17 14 116 26 57 41 112 1 124 38 82 73 83 123 50 60 115 30 87 80 91 108 63 65 35 97	82 119 126 35 26 129 113 125 104 165 170 103 110 91 15 135 5 219	234 17 134 89 222 166	178 139 67 183
12	CHEMBL181928	CHEMBL178285	36 103 122 23 102 75 39 33 34 120 55 27 84 70 5 17 14 116 26 57 41 112 1 124 38 82 73 83 123 50 60 115 30 87 80 91 108 63 65 35 97	36 231 155 138	234 17 134 89 222 166	178 139 67 183
13	CHEMBL178285	CHEMBL182999	36 103 122 23 102 75 39 33 34 120 55 27 84 70 5 17 14 116 26 57 41 112 1 124 38 82 73 83 123 50 60 115 30 87 80 91 108 63 65 35 97	234 17 134 89 222 166	161 52 176 104 187 81 4	178 139 67 183
14	CHEMBL178285	CHEMBL360245	36 103 122 23 102 75 39 33 34 120 55 27 84 70 5 17 14 116 26 57 41 112 1 124 38 82 73 83 123 50 60 115 30 87 80 91 108 63 65 35 97	234 17 134 89 222 166	180 149 239 47 221 148 104 19 164 225 27 31	178 139 67 183
15	CHEMBL360531	CHEMBL178285	36 103 122 23 102 75 39 33 34 120 55 27 84 70 5 17 14 116 26 57 41 112 1 124 38 82 73 83 123 50 60 115 30 87 80 91 108 63 65 35 97	120 235 35 26 129 12 104 73 105 2 98 215 88 41 199	234 17 134 89 222 166	178 139 67 183
16	CHEMBL178285	CHEMBL361118	36 103 122 23 102 75 39 33 34 120 55 27 84 70 5 17 14 116 26 57 41 112 1 124 38 82 73 83 123 50 60 115 30 87 80 91 108 63 65 35 97	17 134 222 166	7 36 90 30 56 132	178 139 67 234 183 89
17	CHEMBL362582	CHEMBL178285	36 103 122 23 102 75 39 33 34 120 55 27 84 70 5 17 14 116 26 57 41 112 1 124 38 82 73 83 123 50 60 115 30 87 80 91 108 63 65 35 97	85 238 177 0 29	234 17 134 89 222 166	178 139 67 183
18	CHEMBL178285	CHEMBL424790	36 103 122 23 102 75 39 33 34 120 55 27 84 70 5 17 14 116 26 57 41 112 1 124 38 82 73 83 123 50 60 115 30 87 80 91 108 63 65 35 97	234 17 134 89 222 166	82 75 148 104 165 16 60	178 139 67 183
19	CHEMBL179799	CHEMBL178669	94 77 33 95 78 122 23 102 75 39 34 120 55 27 84 70 5 17 14 116 26 57 41 96 53 10 86 110 0 124 38 82 73 83 123 50 60 115 30 87 80 91 108 63 65 35 97	78 197 239 186	9 20 121 207	
20	CHEMBL178669	CHEMBL179833	94 77 33 95 78 122 23 102 75 39 34 120 55 27 84 70 5 17 14 116 26 57 41 96 53 10 86 110 0 124 38 82 73 83 123 50 60 115 30 87 80 91 108 63 65 35 97	9 20 121 207	78 122 239 76 176 13	
21	CHEMBL178669	CHEMBL180201	36 103 122 23 102 75 39 33 34 120 55 27 84 70 5 17 14 116 26 57 41 112 1 124 38 82 73 83 123 50 60 115 30 87 80 91 108 63 65 35 97	80 102 121 207 104 61 99 37	70 236 68 221 148 192 160 200 109 34	178 139 67 183
22	CHEMBL180632	CHEMBL178669	94 77 33 95 78 122 23 102 75 39 34 120 55 27 84 70 5 17 14 116 26 57 41 96 53 10 86 110 0 124 38 82 73 83 123 50 60 115 30 87 80 91 108 63 65 35 97	57	9 20 121 207	
23	CHEMBL178669	CHEMBL180680	94 77 33 95 78 122 23 102 75 39 34 120 55 27 84 70 5 17 14 116 26 57 41 96 53 10 86 110 0 124 38 82 73 83 123 50 60 115 30 87 80 91 108 63 65 35 97	9 20 121 207	101 185 35 116 117 237 167 93 210	
24	CHEMBL178669	CHEMBL180830	94 77 33 95 78 122 23 102 75 39 34 120 55 27 84 70 5 17 14 116 26 57 41 96 53 10 86 110 0 124 38 82 73 83 123 50 60 115 30 87 80 91 108 63 65 35 97	20 207	184 10 35 26 141 83 3 233 206 144 43 145	9 121
25	CHEMBL178669	CHEMBL180835	94 77 33 95 78 122 23 102 75 39 34 120 55 27 84 70 5 17 14 116 26 57 41 96 53 10 86 110 0 124 38 82 73 83 123 50 60 115 30 87 80 91 108 63 65 35 97	9 20 121 207	147 45 70 36 39 156 48	
26	CHEMBL178669	CHEMBL181126	94 77 33 95 78 122 23 102 75 39 34 120 55 27 84 70 5 17 14 116 26 57 41 96 53 10 86 110 0 124 38 82 73 83 123 50 60 115 30 87 80 91 108 63 65 35 97	9 20 121 207	162 202 221 148 131	
27	CHEMBL178669	CHEMBL181202	94 77 33 95 78 122 23 102 75 39 34 120 55 27 84 70 5 17 14 116 26 57 41 96 53 10 86 110 0 124 38 82 73 83 123 50 60 115 30 87 80 91 108 63 65 35 97	9 20 121 207	87 95 176 158 148 65	
28	CHEMBL181415	CHEMBL178669	94 77 33 95 78 122 23 102 75 39 34 120 55 27 84 70 5 17 14 116 26 57 41 96 53 10 86 110 0 124 38 82 73 83 123 50 60 115 30 87 80 91 108 63 65 35 97	162 55 126 35 26 129 113 125 114 63 91 15 135 5 219	9 20 121 207	
29	CHEMBL181928	CHEMBL178669	36 103 122 23 102 75 39 33 34 120 55 27 84 70 5 17 14 116 26 57 41 112 1 124 38 82 73 83 123 50 60 115 30 87 80 91 108 63 65 35 97	36 231 155 138	80 102 121 207 104 61 99 37	178 139 67 183
30	CHEMBL178669	CHEMBL182999	94 77 33 95 78 122 23 102 75 39 34 120 55 27 84 70 5 17 14 116 26 57 41 96 53 10 86 110 0 124 38 82 73 83 123 50 60 115 30 87 80 91 108 63 65 35 97	9 20 121 207	87 1 176	
31	CHEMBL178669	CHEMBL360245	94 77 33 95 78 122 23 102 75 39 34 120 55 27 84 70 5 17 14 116 26 57 41 96 53 10 86 110 0 124 38 82 73 83 123 50 60 115 30 87 80 91 108 63 65 35 97	9 20 121 207	78 208 239 47 221 148 228 216 31	
32	CHEMBL178669	CHEMBL360449	94 77 33 95 78 122 23 102 75 39 34 120 55 27 84 70 5 17 14 116 26 57 41 96 53 10 86 110 0 124 38 82 73 83 123 50 60 115 30 87 80 91 108 63 65 35 97	9 20 121 207	78 181 239 180 67 36 86 169 115 155	
33	CHEMBL360531	CHEMBL178669	94 77 33 95 78 122 23 102 75 39 34 120 55 27 84 70 5 17 14 116 26 57 41 96 53 10 86 110 0 124 38 82 73 83 123 50 60 115 30 87 80 91 108 63 65 35 97	101 6 35 26 129 12 42 142 215 88 41 21	9 20 121 207	
34	CHEMBL178669	CHEMBL361118	36 103 122 23 102 75 39 33 34 120 55 27 84 70 5 17 14 116 26 57 41 112 1 124 38 82 73 83 123 50 60 115 30 87 80 91 108 63 65 35 97	80 102 121 207 104 61 99 37	234 7 36 89 90 30 56 132	178 139 67 183
35	CHEMBL362582	CHEMBL178669	36 103 122 23 102 75 39 33 34 120 55 27 84 70 5 17 14 116 26 57 41 112 1 124 38 82 73 83 123 50 60 115 30 87 80 91 108 63 65 35 97	85 238 177 0 29	80 102 121 207 104 61 99 37	178 139 67 183
36	CHEMBL178669	CHEMBL424790	94 77 33 95 78 122 23 102 75 39 34 120 55 27 84 70 5 17 14 116 26 57 41 96 53 10 86 110 0 124 38 82 73 83 123 50 60 115 30 87 80 91 108 63 65 35 97	9 20 121 207	162 189 148	
37	CHEMBL179799	CHEMBL179833	94 77 33 95 78 122 23 102 75 39 34 120 55 27 84 70 5 17 14 116 26 57 41 96 53 10 86 110 0 124 38 82 73 83 123 50 60 115 30 87 80 91 108 63 65 35 97	197 186	122 76 176 13	78 239
38	CHEMBL179799	CHEMBL180201	36 103 122 23 102 75 39 33 34 120 55 27 84 70 5 17 14 116 26 57 41 112 1 124 38 82 73 83 123 50 60 115 30 87 80 91 108 63 65 35 97	180 124 239 186 104 19 205 94	70 236 68 221 148 192 160 200 109 34	178 139 67 183
39	CHEMBL179799	CHEMBL180632	94 77 33 95 78 122 23 102 75 39 34 120 55 27 84 70 5 17 14 116 26 57 41 96 53 10 86 110 0 124 38 82 73 83 123 50 60 115 30 87 80 91 108 63 65 35 97	78 197 239 186	57	
40	CHEMBL179799	CHEMBL180680	94 77 33 95 78 122 23 102 75 39 34 120 55 27 84 70 5 17 14 116 26 57 41 96 53 10 86 110 0 124 38 82 73 83 123 50 60 115 30 87 80 91 108 63 65 35 97	78 197 239 186	101 185 35 116 117 237 167 93 210	
41	CHEMBL179799	CHEMBL180830	94 77 33 95 78 122 23 102 75 39 34 120 55 27 84 70 5 17 14 116 26 57 41 96 53 10 86 110 0 124 38 82 73 83 123 50 60 115 30 87 80 91 108 63 65 35 97	78 197 239 186	9 184 121 10 35 26 141 83 3 233 206 144 43 145	
42	CHEMBL179799	CHEMBL180835	94 77 33 95 78 122 23 102 75 39 34 120 55 27 84 70 5 17 14 116 26 57 41 96 53 10 86 110 0 124 38 82 73 83 123 50 60 115 30 87 80 91 108 63 65 35 97	78 197 239 186	147 45 70 36 39 156 48	
43	CHEMBL179799	CHEMBL181415	94 77 33 95 78 122 23 102 75 39 34 120 55 27 84 70 5 17 14 116 26 57 41 96 53 10 86 110 0 124 38 82 73 83 123 50 60 115 30 87 80 91 108 63 65 35 97	78 197 239 186	162 55 126 35 26 129 113 125 114 63 91 15 135 5 219	
44	CHEMBL179799	CHEMBL181928	36 103 122 23 102 75 39 33 34 120 55 27 84 70 5 17 14 116 26 57 41 112 1 124 38 82 73 83 123 50 60 115 30 87 80 91 108 63 65 35 97	180 124 239 186 104 19 205 94	36 231 155 138	178 139 67 183
45	CHEMBL179799	CHEMBL360245	94 77 33 95 78 122 23 102 75 39 34 120 55 27 84 70 5 17 14 116 26 57 41 96 53 10 86 110 0 124 38 82 73 83 123 50 60 115 30 87 80 91 108 63 65 35 97	197 186	208 47 221 148 228 216 31	78 239
46	CHEMBL179799	CHEMBL360449	94 77 33 95 78 122 23 102 75 39 34 120 55 27 84 70 5 17 14 116 26 57 41 96 53 10 86 110 0 124 38 82 73 83 123 50 60 115 30 87 80 91 108 63 65 35 97	197 186	181 180 67 36 86 169 115 155	78 239
47	CHEMBL179799	CHEMBL360531	94 77 33 95 78 122 23 102 75 39 34 120 55 27 84 70 5 17 14 116 26 57 41 96 53 10 86 110 0 124 38 82 73 83 123 50 60 115 30 87 80 91 108 63 65 35 97	78 197 239 186	101 6 35 26 129 12 42 142 215 88 41 21	
48	CHEMBL362582	CHEMBL179799	36 103 122 23 102 75 39 33 34 120 55 27 84 70 5 17 14 116 26 57 41 112 1 124 38 82 73 83 123 50 60 115 30 87 80 91 108 63 65 35 97	85 238 177 0 29	180 124 239 186 104 19 205 94	178 139 67 183
49	CHEMBL179799	CHEMBL424790	94 77 33 95 78 122 23 102 75 39 34 120 55 27 84 70 5 17 14 116 26 57 41 96 53 10 86 110 0 124 38 82 73 83 123 50 60 115 30 87 80 91 108 63 65 35 97	78 197 239 186	162 189 148	
50	CHEMBL179833	CHEMBL180201	36 103 122 23 102 75 39 33 34 120 55 27 84 70 5 17 14 116 26 57 41 112 1 124 38 82 73 83 123 50 60 115 30 87 80 91 108 63 65 35 97	180 209 239 76 176 104 19 153 211 213	70 236 68 221 148 192 160 200 109 34	178 139 67 183
51	CHEMBL180632	CHEMBL179833	94 77 33 95 78 122 23 102 75 39 34 120 55 27 84 70 5 17 14 116 26 57 41 96 53 10 86 110 0 124 38 82 73 83 123 50 60 115 30 87 80 91 108 63 65 35 97	57	78 122 239 76 176 13	
52	CHEMBL179833	CHEMBL180680	94 77 33 95 78 122 23 102 75 39 34 120 55 27 84 70 5 17 14 116 26 57 41 96 53 10 86 110 0 124 38 82 73 83 123 50 60 115 30 87 80 91 108 63 65 35 97	78 122 239 76 176 13	101 185 35 116 117 237 167 93 210	
53	CHEMBL179833	CHEMBL180830	94 77 33 95 78 122 23 102 75 39 34 120 55 27 84 70 5 17 14 116 26 57 41 96 53 10 86 110 0 124 38 82 73 83 123 50 60 115 30 87 80 91 108 63 65 35 97	78 122 239 76 176 13	9 184 121 10 35 26 141 83 3 233 206 144 43 145	
54	CHEMBL179833	CHEMBL180835	94 77 33 95 78 122 23 102 75 39 34 120 55 27 84 70 5 17 14 116 26 57 41 96 53 10 86 110 0 124 38 82 73 83 123 50 60 115 30 87 80 91 108 63 65 35 97	78 122 239 76 176 13	147 45 70 36 39 156 48	
55	CHEMBL179833	CHEMBL181126	94 77 33 95 78 122 23 102 75 39 34 120 55 27 84 70 5 17 14 116 26 57 41 96 53 10 86 110 0 124 38 82 73 83 123 50 60 115 30 87 80 91 108 63 65 35 97	78 122 239 76 176 13	162 202 221 148 131	
56	CHEMBL179833	CHEMBL181202	94 77 33 95 78 122 23 102 75 39 34 120 55 27 84 70 5 17 14 116 26 57 41 96 53 10 86 110 0 124 38 82 73 83 123 50 60 115 30 87 80 91 108 63 65 35 97	78 122 239 76 13	87 95 158 148 65	176
57	CHEMBL181415	CHEMBL179833	94 77 33 95 78 122 23 102 75 39 34 120 55 27 84 70 5 17 14 116 26 57 41 96 53 10 86 110 0 124 38 82 73 83 123 50 60 115 30 87 80 91 108 63 65 35 97	162 55 126 35 26 129 113 125 114 63 91 15 135 5 219	78 122 239 76 176 13	
58	CHEMBL181928	CHEMBL179833	36 103 122 23 102 75 39 33 34 120 55 27 84 70 5 17 14 116 26 57 41 112 1 124 38 82 73 83 123 50 60 115 30 87 80 91 108 63 65 35 97	36 231 155 138	180 209 239 76 176 104 19 153 211 213	178 139 67 183
59	CHEMBL179833	CHEMBL182999	94 77 33 95 78 122 23 102 75 39 34 120 55 27 84 70 5 17 14 116 26 57 41 96 53 10 86 110 0 124 38 82 73 83 123 50 60 115 30 87 80 91 108 63 65 35 97	78 122 239 76 13	87 1	176
60	CHEMBL179833	CHEMBL360245	94 77 33 95 78 122 23 102 75 39 34 120 55 27 84 70 5 17 14 116 26 57 41 96 53 10 86 110 0 124 38 82 73 83 123 50 60 115 30 87 80 91 108 63 65 35 97	122 76 176 13	208 47 221 148 228 216 31	78 239
61	CHEMBL179833	CHEMBL360449	94 77 33 95 78 122 23 102 75 39 34 120 55 27 84 70 5 17 14 116 26 57 41 96 53 10 86 110 0 124 38 82 73 83 123 50 60 115 30 87 80 91 108 63 65 35 97	122 76 176 13	181 180 67 36 86 169 115 155	78 239
62	CHEMBL360531	CHEMBL179833	94 77 33 95 78 122 23 102 75 39 34 120 55 27 84 70 5 17 14 116 26 57 41 96 53 10 86 110 0 124 38 82 73 83 123 50 60 115 30 87 80 91 108 63 65 35 97	101 6 35 26 129 12 42 142 215 88 41 21	78 122 239 76 176 13	
63	CHEMBL179833	CHEMBL361118	36 103 122 23 102 75 39 33 34 120 55 27 84 70 5 17 14 116 26 57 41 112 1 124 38 82 73 83 123 50 60 115 30 87 80 91 108 63 65 35 97	180 209 239 76 176 104 19 153 211 213	234 7 36 89 90 30 56 132	178 139 67 183
64	CHEMBL362582	CHEMBL179833	36 103 122 23 102 75 39 33 34 120 55 27 84 70 5 17 14 116 26 57 41 112 1 124 38 82 73 83 123 50 60 115 30 87 80 91 108 63 65 35 97	85 238 177 0 29	180 209 239 76 176 104 19 153 211 213	178 139 67 183
65	CHEMBL179833	CHEMBL424790	94 77 33 95 78 122 23 102 75 39 34 120 55 27 84 70 5 17 14 116 26 57 41 96 53 10 86 110 0 124 38 82 73 83 123 50 60 115 30 87 80 91 108 63 65 35 97	78 122 239 76 176 13	162 189 148	
66	CHEMBL180632	CHEMBL180201	36 103 122 23 102 75 39 33 34 120 55 27 84 70 5 17 14 116 26 57 41 112 1 124 38 82 73 83 123 50 60 115 30 87 80 91 108 63 65 35 97	71 198 104 108 227	70 236 68 221 148 192 160 200 109 34	178 139 67 183
67	CHEMBL180201	CHEMBL180680	36 103 122 23 102 75 39 33 34 120 55 27 84 70 5 17 14 116 26 57 41 112 1 124 38 82 73 83 123 50 60 115 30 87 80 91 108 63 65 35 97	70 236 68 221 148 192 160 200 109 34	120 24 35 116 117 104 73 100 204 44 93 210	178 139 67 183
68	CHEMBL180697	CHEMBL180201	36 103 122 23 102 75 39 33 34 120 55 27 84 70 5 17 14 116 26 57 41 112 1 124 38 82 73 83 123 50 60 115 30 87 80 91 108 63 65 35 97	64 196 182 107 23	70 236 68 221 148 192 160 200 109 34	178 139 67 183
69	CHEMBL180830	CHEMBL180201	36 103 122 23 102 75 39 33 34 120 55 27 84 70 5 17 14 116 26 57 41 112 1 124 38 82 73 83 123 50 60 115 30 87 80 91 108 63 65 35 97	80 241 121 10 35 26 141 83 104 61 38 11 96 206 144 43 145	70 236 68 221 148 192 160 200 109 34	178 139 67 183
70	CHEMBL180201	CHEMBL180835	36 103 122 23 102 75 39 33 34 120 55 27 84 70 5 17 14 116 26 57 41 112 1 124 38 82 73 83 123 50 60 115 30 87 80 91 108 63 65 35 97	236 68 221 148 192 160 200 109 34	146 171 36 104 72 18 58 193 48	178 139 67 70 183
71	CHEMBL180201	CHEMBL181126	36 103 122 23 102 75 39 33 34 120 55 27 84 70 5 17 14 116 26 57 41 112 1 124 38 82 73 83 123 50 60 115 30 87 80 91 108 63 65 35 97	70 236 68 192 160 200 109 34	82 136 104 165 159 150 59	178 139 67 221 148 183
72	CHEMBL180201	CHEMBL181202	36 103 122 23 102 75 39 33 34 120 55 27 84 70 5 17 14 116 26 57 41 112 1 124 38 82 73 83 123 50 60 115 30 87 80 91 108 63 65 35 97	70 236 68 221 192 160 200 109 34	161 8 176 158 104 187 84 201 106	178 139 67 148 183
73	CHEMBL181415	CHEMBL180201	36 103 122 23 102 75 39 33 34 120 55 27 84 70 5 17 14 116 26 57 41 112 1 124 38 82 73 83 123 50 60 115 30 87 80 91 108 63 65 35 97	82 119 126 35 26 129 113 125 104 165 170 103 110 91 15 135 5 219	70 236 68 221 148 192 160 200 109 34	178 139 67 183
74	CHEMBL181928	CHEMBL180201	36 103 122 23 102 75 39 33 34 120 55 27 84 70 5 17 14 116 26 57 41 112 1 124 38 82 73 83 123 50 60 115 30 87 80 91 108 63 65 35 97	36 231 155 138	70 236 68 221 148 192 160 200 109 34	178 139 67 183
75	CHEMBL180201	CHEMBL182999	36 103 122 23 102 75 39 33 34 120 55 27 84 70 5 17 14 116 26 57 41 112 1 124 38 82 73 83 123 50 60 115 30 87 80 91 108 63 65 35 97	70 236 68 221 148 192 160 200 109 34	161 52 176 104 187 81 4	178 139 67 183
76	CHEMBL360245	CHEMBL180201	36 103 122 23 102 75 39 33 34 120 55 27 84 70 5 17 14 116 26 57 41 112 1 124 38 82 73 83 123 50 60 115 30 87 80 91 108 63 65 35 97	180 149 239 47 104 19 164 225 27 31	70 236 68 192 160 200 109 34	178 139 67 221 148 183
77	CHEMBL360531	CHEMBL180201	36 103 122 23 102 75 39 33 34 120 55 27 84 70 5 17 14 116 26 57 41 112 1 124 38 82 73 83 123 50 60 115 30 87 80 91 108 63 65 35 97	120 235 35 26 129 12 104 73 105 2 98 215 88 41 199	70 236 68 221 148 192 160 200 109 34	178 139 67 183
78	CHEMBL180201	CHEMBL361118	36 103 122 23 102 75 39 33 34 120 55 27 84 70 5 17 14 116 26 57 41 112 1 124 38 82 73 83 123 50 60 115 30 87 80 91 108 63 65 35 97	70 236 68 221 148 192 160 200 109 34	234 7 36 89 90 30 56 132	178 139 67 183
79	CHEMBL362582	CHEMBL180201	36 103 122 23 102 75 39 33 34 120 55 27 84 70 5 17 14 116 26 57 41 112 1 124 38 82 73 83 123 50 60 115 30 87 80 91 108 63 65 35 97	85 238 177 0 29	70 236 68 221 148 192 160 200 109 34	178 139 67 183
80	CHEMBL180201	CHEMBL424790	36 103 122 23 102 75 39 33 34 120 55 27 84 70 5 17 14 116 26 57 41 112 1 124 38 82 73 83 123 50 60 115 30 87 80 91 108 63 65 35 97	70 236 68 221 192 160 200 109 34	82 75 104 165 16 60	178 139 67 148 183
81	CHEMBL180632	CHEMBL180680	94 77 33 95 78 122 23 102 75 39 34 120 55 27 84 70 5 17 14 116 26 57 41 96 53 10 86 110 0 124 38 82 73 83 123 50 60 115 30 87 80 91 108 63 65 35 97	57	101 185 35 116 117 237 167 93 210	
82	CHEMBL180632	CHEMBL180830	94 77 33 95 78 122 23 102 75 39 34 120 55 27 84 70 5 17 14 116 26 57 41 96 53 10 86 110 0 124 38 82 73 83 123 50 60 115 30 87 80 91 108 63 65 35 97	57	9 184 121 10 35 26 141 83 3 233 206 144 43 145	
83	CHEMBL180632	CHEMBL180835	94 77 33 95 78 122 23 102 75 39 34 120 55 27 84 70 5 17 14 116 26 57 41 96 53 10 86 110 0 124 38 82 73 83 123 50 60 115 30 87 80 91 108 63 65 35 97	57	147 45 70 36 39 156 48	
84	CHEMBL180632	CHEMBL181126	94 77 33 95 78 122 23 102 75 39 34 120 55 27 84 70 5 17 14 116 26 57 41 96 53 10 86 110 0 124 38 82 73 83 123 50 60 115 30 87 80 91 108 63 65 35 97	57	162 202 221 148 131	
85	CHEMBL180632	CHEMBL181415	94 77 33 95 78 122 23 102 75 39 34 120 55 27 84 70 5 17 14 116 26 57 41 96 53 10 86 110 0 124 38 82 73 83 123 50 60 115 30 87 80 91 108 63 65 35 97	57	162 55 126 35 26 129 113 125 114 63 91 15 135 5 219	
86	CHEMBL180632	CHEMBL181928	36 103 122 23 102 75 39 33 34 120 55 27 84 70 5 17 14 116 26 57 41 112 1 124 38 82 73 83 123 50 60 115 30 87 80 91 108 63 65 35 97	71 198 104 108 227	36 231 155 138	178 139 67 183
87	CHEMBL180632	CHEMBL182999	94 77 33 95 78 122 23 102 75 39 34 120 55 27 84 70 5 17 14 116 26 57 41 96 53 10 86 110 0 124 38 82 73 83 123 50 60 115 30 87 80 91 108 63 65 35 97	57	87 1 176	
88	CHEMBL180632	CHEMBL360245	94 77 33 95 78 122 23 102 75 39 34 120 55 27 84 70 5 17 14 116 26 57 41 96 53 10 86 110 0 124 38 82 73 83 123 50 60 115 30 87 80 91 108 63 65 35 97	57	78 208 239 47 221 148 228 216 31	
89	CHEMBL180632	CHEMBL360449	94 77 33 95 78 122 23 102 75 39 34 120 55 27 84 70 5 17 14 116 26 57 41 96 53 10 86 110 0 124 38 82 73 83 123 50 60 115 30 87 80 91 108 63 65 35 97	57	78 181 239 180 67 36 86 169 115 155	
90	CHEMBL180632	CHEMBL360531	94 77 33 95 78 122 23 102 75 39 34 120 55 27 84 70 5 17 14 116 26 57 41 96 53 10 86 110 0 124 38 82 73 83 123 50 60 115 30 87 80 91 108 63 65 35 97	57	101 6 35 26 129 12 42 142 215 88 41 21	
91	CHEMBL362582	CHEMBL180632	36 103 122 23 102 75 39 33 34 120 55 27 84 70 5 17 14 116 26 57 41 112 1 124 38 82 73 83 123 50 60 115 30 87 80 91 108 63 65 35 97	85 238 177 0 29	71 198 104 108 227	178 139 67 183
92	CHEMBL180632	CHEMBL424790	94 77 33 95 78 122 23 102 75 39 34 120 55 27 84 70 5 17 14 116 26 57 41 96 53 10 86 110 0 124 38 82 73 83 123 50 60 115 30 87 80 91 108 63 65 35 97	57	162 189 148	
93	CHEMBL180830	CHEMBL180680	94 77 33 95 78 122 23 102 75 39 34 120 55 27 84 70 5 17 14 116 26 57 41 96 53 10 86 110 0 124 38 82 73 83 123 50 60 115 30 87 80 91 108 63 65 35 97	9 184 121 10 26 141 83 3 233 206 144 43 145	101 185 116 117 237 167 93 210	35
94	CHEMBL180680	CHEMBL180835	94 77 33 95 78 122 23 102 75 39 34 120 55 27 84 70 5 17 14 116 26 57 41 96 53 10 86 110 0 124 38 82 73 83 123 50 60 115 30 87 80 91 108 63 65 35 97	101 185 35 116 117 237 167 93 210	147 45 70 36 39 156 48	
95	CHEMBL180680	CHEMBL181126	94 77 33 95 78 122 23 102 75 39 34 120 55 27 84 70 5 17 14 116 26 57 41 96 53 10 86 110 0 124 38 82 73 83 123 50 60 115 30 87 80 91 108 63 65 35 97	101 185 35 116 117 237 167 93 210	162 202 221 148 131	
96	CHEMBL180680	CHEMBL181202	94 77 33 95 78 122 23 102 75 39 34 120 55 27 84 70 5 17 14 116 26 57 41 96 53 10 86 110 0 124 38 82 73 83 123 50 60 115 30 87 80 91 108 63 65 35 97	101 185 35 116 117 237 167 93 210	87 95 176 158 148 65	
97	CHEMBL181415	CHEMBL180680	94 77 33 95 78 122 23 102 75 39 34 120 55 27 84 70 5 17 14 116 26 57 41 96 53 10 86 110 0 124 38 82 73 83 123 50 60 115 30 87 80 91 108 63 65 35 97	162 55 126 26 129 113 125 114 63 91 15 135 5 219	101 185 116 117 237 167 93 210	35
98	CHEMBL181928	CHEMBL180680	36 103 122 23 102 75 39 33 34 120 55 27 84 70 5 17 14 116 26 57 41 112 1 124 38 82 73 83 123 50 60 115 30 87 80 91 108 63 65 35 97	36 231 155 138	120 24 35 116 117 104 73 100 204 44 93 210	178 139 67 183
99	CHEMBL180680	CHEMBL182999	94 77 33 95 78 122 23 102 75 39 34 120 55 27 84 70 5 17 14 116 26 57 41 96 53 10 86 110 0 124 38 82 73 83 123 50 60 115 30 87 80 91 108 63 65 35 97	101 185 35 116 117 237 167 93 210	87 1 176	
100	CHEMBL360245	CHEMBL180680	94 77 33 95 78 122 23 102 75 39 34 120 55 27 84 70 5 17 14 116 26 57 41 96 53 10 86 110 0 124 38 82 73 83 123 50 60 115 30 87 80 91 108 63 65 35 97	78 208 239 47 221 148 228 216 31	101 185 35 116 117 237 167 93 210	
101	CHEMBL360449	CHEMBL180680	94 77 33 95 78 122 23 102 75 39 34 120 55 27 84 70 5 17 14 116 26 57 41 96 53 10 86 110 0 124 38 82 73 83 123 50 60 115 30 87 80 91 108 63 65 35 97	78 181 239 180 67 36 86 169 115 155	101 185 35 116 117 237 167 93 210	
102	CHEMBL360531	CHEMBL180680	94 77 33 95 78 122 23 102 75 39 34 120 55 27 84 70 5 17 14 116 26 57 41 96 53 10 86 110 0 124 38 82 73 83 123 50 60 115 30 87 80 91 108 63 65 35 97	6 26 129 12 42 142 215 88 41 21	185 116 117 237 167 93 210	101 35
103	CHEMBL180680	CHEMBL361118	36 103 122 23 102 75 39 33 34 120 55 27 84 70 5 17 14 116 26 57 41 112 1 124 38 82 73 83 123 50 60 115 30 87 80 91 108 63 65 35 97	120 24 35 116 117 104 73 100 204 44 93 210	234 7 36 89 90 30 56 132	178 139 67 183
104	CHEMBL362582	CHEMBL180680	36 103 122 23 102 75 39 33 34 120 55 27 84 70 5 17 14 116 26 57 41 112 1 124 38 82 73 83 123 50 60 115 30 87 80 91 108 63 65 35 97	85 238 177 0 29	120 24 35 116 117 104 73 100 204 44 93 210	178 139 67 183
105	CHEMBL424790	CHEMBL180680	94 77 33 95 78 122 23 102 75 39 34 120 55 27 84 70 5 17 14 116 26 57 41 96 53 10 86 110 0 124 38 82 73 83 123 50 60 115 30 87 80 91 108 63 65 35 97	162 189 148	101 185 35 116 117 237 167 93 210	
106	CHEMBL181928	CHEMBL180697	36 103 122 23 102 75 39 33 34 120 55 27 84 70 5 17 14 116 26 57 41 112 1 124 38 82 73 83 123 50 60 115 30 87 80 91 108 63 65 35 97	36 231 155 138	64 196 182 107 23	178 139 67 183
107	CHEMBL180697	CHEMBL361118	36 103 122 23 102 75 39 33 34 120 55 27 84 70 5 17 14 116 26 57 41 112 1 124 38 82 73 83 123 50 60 115 30 87 80 91 108 63 65 35 97	64 196 182 107 23	234 7 36 89 90 30 56 132	178 139 67 183
108	CHEMBL362582	CHEMBL180697	36 103 122 23 102 75 39 33 34 120 55 27 84 70 5 17 14 116 26 57 41 112 1 124 38 82 73 83 123 50 60 115 30 87 80 91 108 63 65 35 97	85 238 177 0 29	64 196 182 107 23	178 139 67 183
109	CHEMBL180830	CHEMBL180835	94 77 33 95 78 122 23 102 75 39 34 120 55 27 84 70 5 17 14 116 26 57 41 96 53 10 86 110 0 124 38 82 73 83 123 50 60 115 30 87 80 91 108 63 65 35 97	9 184 121 10 35 26 141 83 3 233 206 144 43 145	147 45 70 36 39 156 48	
110	CHEMBL180830	CHEMBL181126	94 77 33 95 78 122 23 102 75 39 34 120 55 27 84 70 5 17 14 116 26 57 41 96 53 10 86 110 0 124 38 82 73 83 123 50 60 115 30 87 80 91 108 63 65 35 97	9 184 121 10 35 26 141 83 3 233 206 144 43 145	162 202 221 148 131	
111	CHEMBL180830	CHEMBL181202	94 77 33 95 78 122 23 102 75 39 34 120 55 27 84 70 5 17 14 116 26 57 41 96 53 10 86 110 0 124 38 82 73 83 123 50 60 115 30 87 80 91 108 63 65 35 97	9 184 121 10 35 26 141 83 3 233 206 144 43 145	87 95 176 158 148 65	
112	CHEMBL181415	CHEMBL180830	94 77 33 95 78 122 23 102 75 39 34 120 55 27 84 70 5 17 14 116 26 57 41 96 53 10 86 110 0 124 38 82 73 83 123 50 60 115 30 87 80 91 108 63 65 35 97	162 55 126 129 113 125 114 63 91 15 135 5 219	9 184 121 10 141 83 3 233 206 144 43 145	35 26
113	CHEMBL181928	CHEMBL180830	36 103 122 23 102 75 39 33 34 120 55 27 84 70 5 17 14 116 26 57 41 112 1 124 38 82 73 83 123 50 60 115 30 87 80 91 108 63 65 35 97	36 231 155 138	80 241 121 10 35 26 141 83 104 61 38 11 96 206 144 43 145	178 139 67 183
114	CHEMBL180830	CHEMBL182999	94 77 33 95 78 122 23 102 75 39 34 120 55 27 84 70 5 17 14 116 26 57 41 96 53 10 86 110 0 124 38 82 73 83 123 50 60 115 30 87 80 91 108 63 65 35 97	9 184 121 10 35 26 141 83 3 233 206 144 43 145	87 1 176	
115	CHEMBL180830	CHEMBL360245	94 77 33 95 78 122 23 102 75 39 34 120 55 27 84 70 5 17 14 116 26 57 41 96 53 10 86 110 0 124 38 82 73 83 123 50 60 115 30 87 80 91 108 63 65 35 97	9 184 121 10 35 26 141 83 3 233 206 144 43 145	78 208 239 47 221 148 228 216 31	
116	CHEMBL180830	CHEMBL360449	94 77 33 95 78 122 23 102 75 39 34 120 55 27 84 70 5 17 14 116 26 57 41 96 53 10 86 110 0 124 38 82 73 83 123 50 60 115 30 87 80 91 108 63 65 35 97	9 184 121 10 35 26 141 83 3 233 206 144 43 145	78 181 239 180 67 36 86 169 115 155	
117	CHEMBL360531	CHEMBL180830	94 77 33 95 78 122 23 102 75 39 34 120 55 27 84 70 5 17 14 116 26 57 41 96 53 10 86 110 0 124 38 82 73 83 123 50 60 115 30 87 80 91 108 63 65 35 97	101 6 129 12 42 142 215 88 41 21	9 184 121 10 141 83 3 233 206 144 43 145	35 26
118	CHEMBL180830	CHEMBL361118	36 103 122 23 102 75 39 33 34 120 55 27 84 70 5 17 14 116 26 57 41 112 1 124 38 82 73 83 123 50 60 115 30 87 80 91 108 63 65 35 97	80 241 121 10 35 26 141 83 104 61 38 11 96 206 144 43 145	234 7 36 89 90 30 56 132	178 139 67 183
119	CHEMBL362582	CHEMBL180830	36 103 122 23 102 75 39 33 34 120 55 27 84 70 5 17 14 116 26 57 41 112 1 124 38 82 73 83 123 50 60 115 30 87 80 91 108 63 65 35 97	85 238 177 0 29	80 241 121 10 35 26 141 83 104 61 38 11 96 206 144 43 145	178 139 67 183
120	CHEMBL180830	CHEMBL424790	94 77 33 95 78 122 23 102 75 39 34 120 55 27 84 70 5 17 14 116 26 57 41 96 53 10 86 110 0 124 38 82 73 83 123 50 60 115 30 87 80 91 108 63 65 35 97	9 184 121 10 35 26 141 83 3 233 206 144 43 145	162 189 148	
121	CHEMBL181126	CHEMBL180835	94 77 33 95 78 122 23 102 75 39 34 120 55 27 84 70 5 17 14 116 26 57 41 96 53 10 86 110 0 124 38 82 73 83 123 50 60 115 30 87 80 91 108 63 65 35 97	162 202 221 148 131	147 45 70 36 39 156 48	
122	CHEMBL181202	CHEMBL180835	94 77 33 95 78 122 23 102 75 39 34 120 55 27 84 70 5 17 14 116 26 57 41 96 53 10 86 110 0 124 38 82 73 83 123 50 60 115 30 87 80 91 108 63 65 35 97	87 95 176 158 148 65	147 45 70 36 39 156 48	
123	CHEMBL182999	CHEMBL180835	94 77 33 95 78 122 23 102 75 39 34 120 55 27 84 70 5 17 14 116 26 57 41 96 53 10 86 110 0 124 38 82 73 83 123 50 60 115 30 87 80 91 108 63 65 35 97	87 1 176	147 45 70 36 39 156 48	
124	CHEMBL360245	CHEMBL180835	94 77 33 95 78 122 23 102 75 39 34 120 55 27 84 70 5 17 14 116 26 57 41 96 53 10 86 110 0 124 38 82 73 83 123 50 60 115 30 87 80 91 108 63 65 35 97	78 208 239 47 221 148 228 216 31	147 45 70 36 39 156 48	
125	CHEMBL360449	CHEMBL180835	94 77 33 95 78 122 23 102 75 39 34 120 55 27 84 70 5 17 14 116 26 57 41 96 53 10 86 110 0 124 38 82 73 83 123 50 60 115 30 87 80 91 108 63 65 35 97	78 181 239 180 67 86 169 115 155	147 45 70 39 156 48	36
126	CHEMBL360531	CHEMBL180835	94 77 33 95 78 122 23 102 75 39 34 120 55 27 84 70 5 17 14 116 26 57 41 96 53 10 86 110 0 124 38 82 73 83 123 50 60 115 30 87 80 91 108 63 65 35 97	101 6 35 26 129 12 42 142 215 88 41 21	147 45 70 36 39 156 48	
127	CHEMBL361118	CHEMBL180835	36 103 122 23 102 75 39 33 34 120 55 27 84 70 5 17 14 116 26 57 41 112 1 124 38 82 73 83 123 50 60 115 30 87 80 91 108 63 65 35 97	234 7 89 90 30 56 132	146 171 70 104 72 18 58 193 48	178 139 67 36 183
128	CHEMBL362582	CHEMBL180835	36 103 122 23 102 75 39 33 34 120 55 27 84 70 5 17 14 116 26 57 41 112 1 124 38 82 73 83 123 50 60 115 30 87 80 91 108 63 65 35 97	85 238 177 0 29	146 171 70 36 104 72 18 58 193 48	178 139 67 183
129	CHEMBL424790	CHEMBL180835	94 77 33 95 78 122 23 102 75 39 34 120 55 27 84 70 5 17 14 116 26 57 41 96 53 10 86 110 0 124 38 82 73 83 123 50 60 115 30 87 80 91 108 63 65 35 97	162 189 148	147 45 70 36 39 156 48	
130	CHEMBL181126	CHEMBL181202	94 77 33 95 78 122 23 102 75 39 34 120 55 27 84 70 5 17 14 116 26 57 41 96 53 10 86 110 0 124 38 82 73 83 123 50 60 115 30 87 80 91 108 63 65 35 97	162 202 221 131	87 95 176 158 65	148
131	CHEMBL181415	CHEMBL181126	94 77 33 95 78 122 23 102 75 39 34 120 55 27 84 70 5 17 14 116 26 57 41 96 53 10 86 110 0 124 38 82 73 83 123 50 60 115 30 87 80 91 108 63 65 35 97	55 126 35 26 129 113 125 114 63 91 15 135 5 219	202 221 148 131	162
132	CHEMBL181928	CHEMBL181126	36 103 122 23 102 75 39 33 34 120 55 27 84 70 5 17 14 116 26 57 41 112 1 124 38 82 73 83 123 50 60 115 30 87 80 91 108 63 65 35 97	36 231 155 138	82 136 221 148 104 165 159 150 59	178 139 67 183
133	CHEMBL182999	CHEMBL181126	94 77 33 95 78 122 23 102 75 39 34 120 55 27 84 70 5 17 14 116 26 57 41 96 53 10 86 110 0 124 38 82 73 83 123 50 60 115 30 87 80 91 108 63 65 35 97	87 1 176	162 202 221 148 131	
134	CHEMBL360245	CHEMBL181126	94 77 33 95 78 122 23 102 75 39 34 120 55 27 84 70 5 17 14 116 26 57 41 96 53 10 86 110 0 124 38 82 73 83 123 50 60 115 30 87 80 91 108 63 65 35 97	78 208 239 47 228 216 31	162 202 131	221 148
135	CHEMBL360449	CHEMBL181126	94 77 33 95 78 122 23 102 75 39 34 120 55 27 84 70 5 17 14 116 26 57 41 96 53 10 86 110 0 124 38 82 73 83 123 50 60 115 30 87 80 91 108 63 65 35 97	78 181 239 180 67 36 86 169 115 155	162 202 221 148 131	
136	CHEMBL360531	CHEMBL181126	94 77 33 95 78 122 23 102 75 39 34 120 55 27 84 70 5 17 14 116 26 57 41 96 53 10 86 110 0 124 38 82 73 83 123 50 60 115 30 87 80 91 108 63 65 35 97	101 6 35 26 129 12 42 142 215 88 41 21	162 202 221 148 131	
137	CHEMBL181126	CHEMBL361118	36 103 122 23 102 75 39 33 34 120 55 27 84 70 5 17 14 116 26 57 41 112 1 124 38 82 73 83 123 50 60 115 30 87 80 91 108 63 65 35 97	82 136 221 148 104 165 159 150 59	234 7 36 89 90 30 56 132	178 139 67 183
138	CHEMBL424790	CHEMBL181126	94 77 33 95 78 122 23 102 75 39 34 120 55 27 84 70 5 17 14 116 26 57 41 96 53 10 86 110 0 124 38 82 73 83 123 50 60 115 30 87 80 91 108 63 65 35 97	189	202 221 131	162 148
139	CHEMBL181415	CHEMBL181202	94 77 33 95 78 122 23 102 75 39 34 120 55 27 84 70 5 17 14 116 26 57 41 96 53 10 86 110 0 124 38 82 73 83 123 50 60 115 30 87 80 91 108 63 65 35 97	162 55 126 35 26 129 113 125 114 63 91 15 135 5 219	87 95 176 158 148 65	
140	CHEMBL181928	CHEMBL181202	36 103 122 23 102 75 39 33 34 120 55 27 84 70 5 17 14 116 26 57 41 112 1 124 38 82 73 83 123 50 60 115 30 87 80 91 108 63 65 35 97	36 231 155 138	161 8 176 158 148 104 187 84 201 106	178 139 67 183
141	CHEMBL182999	CHEMBL181202	94 77 33 95 78 122 23 102 75 39 34 120 55 27 84 70 5 17 14 116 26 57 41 96 53 10 86 110 0 124 38 82 73 83 123 50 60 115 30 87 80 91 108 63 65 35 97	1	95 158 148 65	87 176
142	CHEMBL360245	CHEMBL181202	94 77 33 95 78 122 23 102 75 39 34 120 55 27 84 70 5 17 14 116 26 57 41 96 53 10 86 110 0 124 38 82 73 83 123 50 60 115 30 87 80 91 108 63 65 35 97	78 208 239 47 221 228 216 31	87 95 176 158 65	148
143	CHEMBL360449	CHEMBL181202	94 77 33 95 78 122 23 102 75 39 34 120 55 27 84 70 5 17 14 116 26 57 41 96 53 10 86 110 0 124 38 82 73 83 123 50 60 115 30 87 80 91 108 63 65 35 97	78 181 239 180 67 36 86 169 115 155	87 95 176 158 148 65	
144	CHEMBL361118	CHEMBL181202	36 103 122 23 102 75 39 33 34 120 55 27 84 70 5 17 14 116 26 57 41 112 1 124 38 82 73 83 123 50 60 115 30 87 80 91 108 63 65 35 97	234 7 36 89 90 30 56 132	161 8 176 158 148 104 187 84 201 106	178 139 67 183
145	CHEMBL362582	CHEMBL181202	36 103 122 23 102 75 39 33 34 120 55 27 84 70 5 17 14 116 26 57 41 112 1 124 38 82 73 83 123 50 60 115 30 87 80 91 108 63 65 35 97	85 238 177 0 29	161 8 176 158 148 104 187 84 201 106	178 139 67 183
146	CHEMBL424790	CHEMBL181202	94 77 33 95 78 122 23 102 75 39 34 120 55 27 84 70 5 17 14 116 26 57 41 96 53 10 86 110 0 124 38 82 73 83 123 50 60 115 30 87 80 91 108 63 65 35 97	162 189	87 95 176 158 65	148
147	CHEMBL181928	CHEMBL181415	36 103 122 23 102 75 39 33 34 120 55 27 84 70 5 17 14 116 26 57 41 112 1 124 38 82 73 83 123 50 60 115 30 87 80 91 108 63 65 35 97	36 231 155 138	82 119 126 35 26 129 113 125 104 165 170 103 110 91 15 135 5 219	178 139 67 183
148	CHEMBL181415	CHEMBL182999	94 77 33 95 78 122 23 102 75 39 34 120 55 27 84 70 5 17 14 116 26 57 41 96 53 10 86 110 0 124 38 82 73 83 123 50 60 115 30 87 80 91 108 63 65 35 97	162 55 126 35 26 129 113 125 114 63 91 15 135 5 219	87 1 176	
149	CHEMBL181415	CHEMBL360245	94 77 33 95 78 122 23 102 75 39 34 120 55 27 84 70 5 17 14 116 26 57 41 96 53 10 86 110 0 124 38 82 73 83 123 50 60 115 30 87 80 91 108 63 65 35 97	162 55 126 35 26 129 113 125 114 63 91 15 135 5 219	78 208 239 47 221 148 228 216 31	
150	CHEMBL181415	CHEMBL360449	94 77 33 95 78 122 23 102 75 39 34 120 55 27 84 70 5 17 14 116 26 57 41 96 53 10 86 110 0 124 38 82 73 83 123 50 60 115 30 87 80 91 108 63 65 35 97	162 55 126 35 26 129 113 125 114 63 91 15 135 5 219	78 181 239 180 67 36 86 169 115 155	
151	CHEMBL360531	CHEMBL181415	94 77 33 95 78 122 23 102 75 39 34 120 55 27 84 70 5 17 14 116 26 57 41 96 53 10 86 110 0 124 38 82 73 83 123 50 60 115 30 87 80 91 108 63 65 35 97	101 6 12 42 142 215 88 41 21	162 55 126 113 125 114 63 91 15 135 5 219	35 26 129
152	CHEMBL181415	CHEMBL361118	36 103 122 23 102 75 39 33 34 120 55 27 84 70 5 17 14 116 26 57 41 112 1 124 38 82 73 83 123 50 60 115 30 87 80 91 108 63 65 35 97	82 119 126 35 26 129 113 125 104 165 170 103 110 91 15 135 5 219	234 7 36 89 90 30 56 132	178 139 67 183
153	CHEMBL362582	CHEMBL181415	36 103 122 23 102 75 39 33 34 120 55 27 84 70 5 17 14 116 26 57 41 112 1 124 38 82 73 83 123 50 60 115 30 87 80 91 108 63 65 35 97	85 238 177 0 29	82 119 126 35 26 129 113 125 104 165 170 103 110 91 15 135 5 219	178 139 67 183
154	CHEMBL181415	CHEMBL424790	94 77 33 95 78 122 23 102 75 39 34 120 55 27 84 70 5 17 14 116 26 57 41 96 53 10 86 110 0 124 38 82 73 83 123 50 60 115 30 87 80 91 108 63 65 35 97	55 126 35 26 129 113 125 114 63 91 15 135 5 219	189 148	162
155	CHEMBL181928	CHEMBL182999	36 103 122 23 102 75 39 33 34 120 55 27 84 70 5 17 14 116 26 57 41 112 1 124 38 82 73 83 123 50 60 115 30 87 80 91 108 63 65 35 97	36 231 155 138	161 52 176 104 187 81 4	178 139 67 183
156	CHEMBL181928	CHEMBL360245	36 103 122 23 102 75 39 33 34 120 55 27 84 70 5 17 14 116 26 57 41 112 1 124 38 82 73 83 123 50 60 115 30 87 80 91 108 63 65 35 97	36 231 155 138	180 149 239 47 221 148 104 19 164 225 27 31	178 139 67 183
157	CHEMBL360531	CHEMBL181928	36 103 122 23 102 75 39 33 34 120 55 27 84 70 5 17 14 116 26 57 41 112 1 124 38 82 73 83 123 50 60 115 30 87 80 91 108 63 65 35 97	120 235 35 26 129 12 104 73 105 2 98 215 88 41 199	36 231 155 138	178 139 67 183
158	CHEMBL181928	CHEMBL361118	36 103 122 23 102 75 39 33 34 120 55 27 84 70 5 17 14 116 26 57 41 112 1 124 38 82 73 83 123 50 60 115 30 87 80 91 108 63 65 35 97	231 155 138	234 7 89 90 30 56 132	178 139 67 36 183
159	CHEMBL362582	CHEMBL181928	36 103 122 23 102 75 39 33 34 120 55 27 84 70 5 17 14 116 26 57 41 112 1 124 38 82 73 83 123 50 60 115 30 87 80 91 108 63 65 35 97	85 238 177 0 29	36 231 155 138	178 139 67 183
160	CHEMBL181928	CHEMBL424790	36 103 122 23 102 75 39 33 34 120 55 27 84 70 5 17 14 116 26 57 41 112 1 124 38 82 73 83 123 50 60 115 30 87 80 91 108 63 65 35 97	36 231 155 138	82 75 148 104 165 16 60	178 139 67 183
161	CHEMBL360245	CHEMBL182999	94 77 33 95 78 122 23 102 75 39 34 120 55 27 84 70 5 17 14 116 26 57 41 96 53 10 86 110 0 124 38 82 73 83 123 50 60 115 30 87 80 91 108 63 65 35 97	78 208 239 47 221 148 228 216 31	87 1 176	
162	CHEMBL360449	CHEMBL182999	94 77 33 95 78 122 23 102 75 39 34 120 55 27 84 70 5 17 14 116 26 57 41 96 53 10 86 110 0 124 38 82 73 83 123 50 60 115 30 87 80 91 108 63 65 35 97	78 181 239 180 67 36 86 169 115 155	87 1 176	
163	CHEMBL360531	CHEMBL182999	94 77 33 95 78 122 23 102 75 39 34 120 55 27 84 70 5 17 14 116 26 57 41 96 53 10 86 110 0 124 38 82 73 83 123 50 60 115 30 87 80 91 108 63 65 35 97	101 6 35 26 129 12 42 142 215 88 41 21	87 1 176	
164	CHEMBL182999	CHEMBL361118	36 103 122 23 102 75 39 33 34 120 55 27 84 70 5 17 14 116 26 57 41 112 1 124 38 82 73 83 123 50 60 115 30 87 80 91 108 63 65 35 97	161 52 176 104 187 81 4	234 7 36 89 90 30 56 132	178 139 67 183
165	CHEMBL424790	CHEMBL182999	94 77 33 95 78 122 23 102 75 39 34 120 55 27 84 70 5 17 14 116 26 57 41 96 53 10 86 110 0 124 38 82 73 83 123 50 60 115 30 87 80 91 108 63 65 35 97	162 189 148	87 1 176	
166	CHEMBL2181166	CHEMBL2181170	94 77 33 34 120 25 24 105 6 17 14 72 8 74 32 45 66 96 99 83 31 85 46 3 43 47 9 21 71 69 104 80 40 13 15 56	194 240 126 35 66 217 123 92 191 168 188 133 79	221 148 131	162 202
167	CHEMBL2181166	CHEMBL3093186	94 77 33 34 120 25 24 105 6 17 14 72 8 74 32 45 66 96 99 83 31 85 46 3 43 47 9 21 71 69 104 80 40 13 15 56	194 240 126 35 66 217 123 92 191 168 188 133 79	152 143 154 128 203 33	162 202
168	CHEMBL2181166	CHEMBL3093187	94 77 33 34 120 25 24 105 6 17 14 72 8 74 32 45 66 96 99 83 31 85 46 3 43 47 9 21 71 69 104 80 40 13 15 56	240 126 35 66 217 92 191 168 188 133 79	152 143 154 224 51 33	162 202 194 123
169	CHEMBL3093186	CHEMBL2181170	94 77 33 34 120 25 24 105 6 17 14 72 8 74 32 45 66 96 99 83 31 85 46 3 43 47 9 21 71 69 104 80 40 13 15 56	152 143 154 128 203 33	221 148 131	162 202
170	CHEMBL3093187	CHEMBL2181170	94 77 33 34 120 25 24 105 6 17 14 72 8 74 32 45 66 96 99 83 31 85 46 3 43 47 9 21 71 69 104 80 40 13 15 56	194 152 143 154 123 224 51 33	221 148 131	162 202
171	CHEMBL2402899	CHEMBL2401750	94 77 33 34 120 55 27 84 70 5 17 14 98 74 45 51 76 54 92 96 99 83 123 50 60 115 101 87 80 16 117 2 58 81 37 79	202 136 82 232 163 159 165 61	46 236 70 69 230 160 74	162 67 80 102 121 207 99 37
172	CHEMBL2402900	CHEMBL2401750	94 77 33 34 120 55 27 84 70 5 17 14 98 74 45 51 76 54 92 96 99 83 123 50 60 115 101 87 80 16 117 2 58 81 37 79	179 220 97 172 40 137 239 186 223 130 32 49 54 77	46 236 70 67 80 102 121 207 69 230 160 74 99 37	162
173	CHEMBL2402901	CHEMBL2401750	94 77 33 34 120 55 27 84 70 5 17 14 98 74 45 51 76 54 92 96 99 83 123 50 60 115 101 87 80 16 117 2 58 81 37 79	179 220 97 212 40 226 112 229 223 130 32 62 127 214 173	46 236 70 67 80 102 207 69 230 160 74 99 37	162 121
174	CHEMBL2402902	CHEMBL2401750	94 77 33 34 120 55 27 84 70 5 17 14 98 74 45 51 76 54 92 96 99 83 123 50 60 115 101 87 80 16 117 2 58 81 37 79	179 220 97 212 40 190 223 130 32 62 118 175	46 236 70 67 80 102 69 230 160 74 99 37	162 121 207
175	CHEMBL2401750	CHEMBL2402903	94 77 33 34 120 89 39 55 27 84 70 5 17 14 98 74 45 51 76 54 92 96 99 83 64 59 68 73 123 50 60 115 101 87 80 16 117 2 58 81 37 79	9 20 121 207	78 197 239 186	
176	CHEMBL2401750	CHEMBL2402904	94 77 33 34 120 89 39 55 27 84 70 5 17 14 98 74 45 51 76 54 92 96 99 83 64 59 68 73 123 50 60 115 101 87 80 16 117 2 58 81 37 79	20 207	151 112 229 22	9 121
177	CHEMBL2402898	CHEMBL2402897	94 77 33 39 75 34 120 55 27 84 70 5 17 14 98 74 45 51 76 54 92 96 53 88 82 100 73 83 123 50 60 115 101 87 80 16 117 2 58 81 37 79	9 151 121 112 229 22	78 197 239 186	
178	CHEMBL2402899	CHEMBL2402897	94 77 33 39 75 34 120 55 27 84 70 5 17 14 98 74 45 51 76 54 92 96 53 88 82 100 73 83 123 50 60 115 101 87 80 16 117 2 58 81 37 79	9 20 121 207	78 197 239 186	
179	CHEMBL2402899	CHEMBL2402898	94 77 33 39 75 34 120 55 27 84 70 5 17 14 98 74 45 51 76 54 92 96 53 88 82 100 73 83 123 50 60 115 101 87 80 16 117 2 58 81 37 79	20 207	151 112 229 22	9 121
180	CHEMBL2402899	CHEMBL2402900	94 77 33 34 120 55 27 84 70 5 17 14 98 74 45 51 76 54 92 96 99 83 123 50 60 115 101 87 80 16 117 2 58 81 37 79	202 136 82 67 80 102 121 207 232 163 159 165 61 99 37	179 220 97 172 40 137 239 186 223 130 32 49 54 77	162
181	CHEMBL2402899	CHEMBL2402901	94 77 33 34 120 55 27 84 70 5 17 14 98 74 45 51 76 54 92 96 99 83 123 50 60 115 101 87 80 16 117 2 58 81 37 79	202 136 82 67 80 102 207 232 163 159 165 61 99 37	179 220 97 212 40 226 112 229 223 130 32 62 127 214 173	162 121
182	CHEMBL2402899	CHEMBL2402902	94 77 33 34 120 55 27 84 70 5 17 14 98 74 45 51 76 54 92 96 99 83 123 50 60 115 101 87 80 16 117 2 58 81 37 79	202 136 82 67 80 102 232 163 159 165 61 99 37	179 220 97 212 40 190 223 130 32 62 118 175	162 121 207
183	CHEMBL2402899	CHEMBL2402903	94 77 33 34 120 55 27 84 70 5 17 14 98 74 45 51 76 54 92 96 99 83 123 50 60 115 101 87 80 16 117 2 58 81 37 79	202 136 82 80 102 121 207 232 163 159 165 61 99 37	46 236 70 180 124 239 186 69 230 160 25 205 94	162 67
184	CHEMBL2402901	CHEMBL2402900	114 12 20 48 107 7 39 33 34 120 55 27 84 70 5 17 14 98 74 45 51 76 54 92 109 93 11 118 113 119 73 83 123 50 60 115 101 87 80 16 117 2 58 81 37 79	9 151 121 112 229 22	78 197 239 186	
185	CHEMBL2402902	CHEMBL2402900	114 12 20 48 107 7 39 33 34 120 55 27 84 70 5 17 14 98 74 45 51 76 54 92 109 93 11 118 113 119 73 83 123 50 60 115 101 87 80 16 117 2 58 81 37 79	9 20 121 207	78 197 239 186	
186	CHEMBL2402900	CHEMBL2402903	94 77 33 34 120 55 27 84 70 5 17 14 98 74 45 51 76 54 92 96 99 83 123 50 60 115 101 87 80 16 117 2 58 81 37 79	179 220 97 172 40 137 223 130 32 49 54 77	46 236 70 67 180 124 69 230 160 25 205 94	162 239 186
187	CHEMBL2402900	CHEMBL2402904	94 77 33 34 120 55 27 84 70 5 17 14 98 74 45 51 76 54 92 96 99 83 123 50 60 115 101 87 80 16 117 2 58 81 37 79	179 220 97 172 40 137 239 186 223 130 32 49 54 77	46 236 70 67 80 111 121 112 229 69 230 160 74 195 28 14	162
188	CHEMBL2402902	CHEMBL2402901	114 12 20 48 107 7 39 33 34 120 55 27 84 70 5 17 14 98 74 45 51 76 54 92 109 93 11 118 113 119 73 83 123 50 60 115 101 87 80 16 117 2 58 81 37 79	20 207	151 112 229 22	9 121
189	CHEMBL2402901	CHEMBL2402903	94 77 33 34 120 55 27 84 70 5 17 14 98 74 45 51 76 54 92 96 99 83 123 50 60 115 101 87 80 16 117 2 58 81 37 79	179 220 97 212 40 226 121 112 229 223 130 32 62 127 214 173	46 236 70 67 180 124 239 186 69 230 160 25 205 94	162
190	CHEMBL2402901	CHEMBL2402904	94 77 33 34 120 55 27 84 70 5 17 14 98 74 45 51 76 54 92 96 99 83 123 50 60 115 101 87 80 16 117 2 58 81 37 79	179 220 97 212 40 226 223 130 32 62 127 214 173	46 236 70 67 80 111 69 230 160 74 195 28 14	162 121 112 229
191	CHEMBL2402902	CHEMBL2402903	94 77 33 34 120 55 27 84 70 5 17 14 98 74 45 51 76 54 92 96 99 83 123 50 60 115 101 87 80 16 117 2 58 81 37 79	179 220 97 212 40 190 121 207 223 130 32 62 118 175	46 236 70 67 180 124 239 186 69 230 160 25 205 94	162
192	CHEMBL2402902	CHEMBL2402904	94 77 33 34 120 55 27 84 70 5 17 14 98 74 45 51 76 54 92 96 99 83 123 50 60 115 101 87 80 16 117 2 58 81 37 79	179 220 97 212 40 190 207 223 130 32 62 118 175	46 236 70 67 80 111 112 229 69 230 160 74 195 28 14	162 121
193	CHEMBL2402903	CHEMBL2402904	94 77 33 34 120 89 39 55 27 84 70 5 17 14 98 74 45 51 76 54 92 96 99 83 64 59 68 73 123 50 60 115 101 87 80 16 117 2 58 81 37 79	78 197 239 186	9 151 121 112 229 22	
194	CHEMBL2440453	CHEMBL356359	94 77 33 34 120 55 27 84 70 62 6 17 14 49 29 42 57 41 18 96 99 83 123 50 60 61 28 44 47 106 52 111 67 4 121 22 19 90	174 242 176 223 157 50 218	194 221 148 123 53 140	162 202
195	CHEMBL3093187	CHEMBL3093186	94 77 33 34 120 25 24 105 6 17 14 72 8 74 32 45 66 96 99 83 31 85 46 3 43 47 9 21 71 69 104 80 40 13 15 56	194 123 224 51	128 203	162 202 152 143 154 33
196	CHEMBL360245	CHEMBL360449	94 77 33 95 78 122 23 102 75 39 34 120 55 27 84 70 5 17 14 116 26 57 41 96 53 10 86 110 0 124 38 82 73 83 123 50 60 115 30 87 80 91 108 63 65 35 97	208 47 221 148 228 216 31	181 180 67 36 86 169 115 155	78 239
197	CHEMBL360531	CHEMBL360245	94 77 33 95 78 122 23 102 75 39 34 120 55 27 84 70 5 17 14 116 26 57 41 96 53 10 86 110 0 124 38 82 73 83 123 50 60 115 30 87 80 91 108 63 65 35 97	101 6 35 26 129 12 42 142 215 88 41 21	78 208 239 47 221 148 228 216 31	
198	CHEMBL360245	CHEMBL361118	36 103 122 23 102 75 39 33 34 120 55 27 84 70 5 17 14 116 26 57 41 112 1 124 38 82 73 83 123 50 60 115 30 87 80 91 108 63 65 35 97	180 149 239 47 221 148 104 19 164 225 27 31	234 7 36 89 90 30 56 132	178 139 67 183
199	CHEMBL362582	CHEMBL360245	36 103 122 23 102 75 39 33 34 120 55 27 84 70 5 17 14 116 26 57 41 112 1 124 38 82 73 83 123 50 60 115 30 87 80 91 108 63 65 35 97	85 238 177 0 29	180 149 239 47 221 148 104 19 164 225 27 31	178 139 67 183
200	CHEMBL360245	CHEMBL424790	94 77 33 95 78 122 23 102 75 39 34 120 55 27 84 70 5 17 14 116 26 57 41 96 53 10 86 110 0 124 38 82 73 83 123 50 60 115 30 87 80 91 108 63 65 35 97	78 208 239 47 221 228 216 31	162 189	148
201	CHEMBL360531	CHEMBL360449	94 77 33 95 78 122 23 102 75 39 34 120 55 27 84 70 5 17 14 116 26 57 41 96 53 10 86 110 0 124 38 82 73 83 123 50 60 115 30 87 80 91 108 63 65 35 97	101 6 35 26 129 12 42 142 215 88 41 21	78 181 239 180 67 36 86 169 115 155	
202	CHEMBL360449	CHEMBL424790	94 77 33 95 78 122 23 102 75 39 34 120 55 27 84 70 5 17 14 116 26 57 41 96 53 10 86 110 0 124 38 82 73 83 123 50 60 115 30 87 80 91 108 63 65 35 97	78 181 239 180 67 36 86 169 115 155	162 189 148	
203	CHEMBL362582	CHEMBL360531	36 103 122 23 102 75 39 33 34 120 55 27 84 70 5 17 14 116 26 57 41 112 1 124 38 82 73 83 123 50 60 115 30 87 80 91 108 63 65 35 97	85 238 177 0 29	120 235 35 26 129 12 104 73 105 2 98 215 88 41 199	178 139 67 183
204	CHEMBL360531	CHEMBL424790	94 77 33 95 78 122 23 102 75 39 34 120 55 27 84 70 5 17 14 116 26 57 41 96 53 10 86 110 0 124 38 82 73 83 123 50 60 115 30 87 80 91 108 63 65 35 97	101 6 35 26 129 12 42 142 215 88 41 21	162 189 148	
205	CHEMBL362582	CHEMBL361118	36 103 122 23 102 75 39 33 34 120 55 27 84 70 5 17 14 116 26 57 41 112 1 124 38 82 73 83 123 50 60 115 30 87 80 91 108 63 65 35 97	85 238 177 0 29	234 7 36 89 90 30 56 132	178 139 67 183
206	CHEMBL424790	CHEMBL361118	36 103 122 23 102 75 39 33 34 120 55 27 84 70 5 17 14 116 26 57 41 112 1 124 38 82 73 83 123 50 60 115 30 87 80 91 108 63 65 35 97	82 75 148 104 165 16 60	234 7 36 89 90 30 56 132	178 139 67 183
207	CHEMBL362582	CHEMBL424790	36 103 122 23 102 75 39 33 34 120 55 27 84 70 5 17 14 116 26 57 41 112 1 124 38 82 73 83 123 50 60 115 30 87 80 91 108 63 65 35 97	85 238 177 0 29	82 75 148 104 165 16 60	178 139 67 183
