	ids	cid	trueY	predY	prob
0	306376-319783	1	-1	-1	0.034
1	250354-251702	1	-1	-1	0.036
2	352524-394981	1	-1	-1	0.024
3	381232-381869	1	-1	-1	0.024
4	319428-394984	1	-1	-1	0.006
5	438255-1370108	1	-1	-1	0.0
6	332390-332421	1	-1	-1	0.0
7	332384-332397	1	-1	-1	0.0
8	319901-319917	1	-1	-1	0.0
9	254747-297685	1	-1	-1	0.0
10	254747-297627	1	-1	-1	0.0
11	352285-352357	1	-1	-1	0.0
12	254791-297302	1	-1	-1	0.0
13	1604358-1604360	1	-1	-1	0.356
14	352347-352378	1	-1	-1	0.0
15	352518-438755	1	1	1	0.986
16	319879-319960	1	-1	-1	0.0
17	381913-382014	1	-1	-1	0.256
18	252516-332384	1	-1	-1	0.004
19	319708-319715	1	-1	-1	0.18
20	56227-57037	1	-1	-1	0.028
21	332383-332415	1	-1	-1	0.002
22	319758-319901	1	-1	-1	0.0
23	319775-319889	1	-1	-1	0.0
24	438950-439019	1	-1	-1	0.008
25	319489-395061	1	-1	-1	0.076
26	306306-319909	1	-1	-1	0.02
27	319489-352526	1	-1	-1	0.066
28	370121-523848	1	1	1	0.862
29	360045-360049	1	-1	-1	0.042
30	352522-394981	1	-1	-1	0.028
31	386074-523784	1	-1	-1	0.032
32	438755-438758	1	-1	-1	0.086
33	381914-381961	1	-1	-1	0.026
34	394675-438691	1	1	1	0.986
35	438691-438755	1	-1	-1	0.178
36	381865-381908	1	-1	-1	0.454
37	1272119-1272131	1	-1	-1	0.002
38	366554-366565	1	-1	-1	0.054
39	352526-395126	1	-1	-1	0.004
40	131355-277037	1	1	1	0.952
41	306376-319888	1	-1	-1	0.042
42	352325-1370107	1	-1	-1	0.0
43	1272098-1272117	1	-1	-1	0.022
44	375004-564591	1	-1	-1	0.166
45	346709-346716	1	-1	-1	0.098
46	297711-297801	1	-1	-1	0.0
47	346707-350100	1	1	1	0.9
48	394981-438948	1	-1	-1	0.05
49	352519-438890	1	1	1	0.874
50	352399-438417	1	-1	-1	0.0
51	306341-319909	1	-1	-1	0.032
52	263582-263709	1	-1	-1	0.424
53	319816-319863	1	-1	-1	0.0
54	352519-394742	1	1	1	1.0
55	438822-438948	1	1	1	0.692
56	370123-523782	1	1	-1	0.024
57	1272110-1272124	1	-1	-1	0.0
58	394824-438948	1	-1	1	0.632
59	131388-276528	1	1	1	0.626
60	319713-319738	1	-1	-1	0.46
61	402032-402932	1	-1	-1	0.144
62	56228-57037	1	-1	-1	0.002
63	266923-266987	1	-1	-1	0.0
64	352398-438544	1	-1	-1	0.0
65	381771-381773	1	-1	-1	0.028
66	346715-346722	1	-1	-1	0.172
67	263622-263623	1	-1	-1	0.196
68	131811-132589	1	-1	-1	0.414
69	370109-370118	1	-1	-1	0.034
70	346720-350100	1	1	1	0.836
71	332384-332387	1	-1	-1	0.0
72	395060-395127	1	-1	-1	0.0
73	386074-523782	1	1	-1	0.01
74	352522-438822	1	1	1	0.794
75	297723-297801	1	-1	-1	0.0
76	250354-252291	1	-1	-1	0.17
77	276617-276929	1	-1	-1	0.002
78	394822-438950	1	-1	-1	0.008
79	438251-438618	1	-1	1	0.714
80	346697-346716	1	1	1	0.786
81	370119-523875	1	-1	-1	0.01
82	319408-319510	1	-1	-1	0.434
83	352526-438950	1	-1	-1	0.0
84	395060-395063	1	-1	-1	0.0
85	263671-263709	1	-1	-1	0.38
86	263623-263698	1	1	-1	0.326
87	394820-438690	1	-1	-1	0.026
88	346707-346709	1	-1	-1	0.146
89	381771-381961	1	-1	-1	0.048
90	352518-438689	1	1	1	0.99
91	1272102-1272115	1	-1	-1	0.002
92	1272102-1272124	1	-1	-1	0.0
93	319428-438621	1	-1	-1	0.0
94	381777-381870	1	-1	-1	0.034
95	394022-394023	1	-1	-1	0.0
96	352325-1370114	1	-1	-1	0.0
97	131389-132475	1	1	-1	0.32
98	352325-352532	1	-1	-1	0.0
99	394675-394888	1	1	1	0.982
100	381773-381824	1	-1	-1	0.0
101	251702-252291	1	-1	-1	0.166
102	306340-319901	1	-1	-1	0.016
103	438691-438756	1	-1	-1	0.122
104	401887-402009	1	-1	-1	0.008
105	395063-395199	1	-1	-1	0.028
106	319774-319894	1	1	-1	0.348
107	56431-57062	1	-1	-1	0.008
108	306342-319895	1	1	1	0.918
109	276875-277012	1	-1	-1	0.016
110	438620-438889	1	-1	1	0.618
111	352520-394983	1	1	1	1.0
112	370106-370111	1	-1	-1	0.006
113	276910-277071	1	-1	-1	0.0
114	273267-273323	1	-1	-1	0.034
115	438252-1370114	1	-1	-1	0.002
116	395128-438824	1	-1	-1	0.04
117	254796-297412	1	-1	-1	0.0
118	395061-438620	1	-1	-1	0.024
119	306375-319971	1	1	1	0.846
120	394022-394888	1	1	1	0.976
121	438315-1370057	1	-1	-1	0.0
122	1249647-1249649	1	-1	-1	0.418
123	352325-1370113	1	-1	-1	0.0
124	319894-319917	1	1	1	0.998
125	394888-395060	1	1	1	0.998
126	319783-319879	1	-1	-1	0.0
127	1532680-1532686	1	-1	-1	0.0
128	352334-352357	1	-1	-1	0.002
129	395200-438825	1	-1	-1	0.012
130	386074-523783	1	-1	-1	0.024
131	438690-438692	1	-1	-1	0.018
132	394983-438824	1	-1	-1	0.016
133	438890-439019	1	-1	-1	0.016
134	438689-438758	1	-1	1	0.874
135	346699-346704	1	-1	-1	0.08
136	306342-319800	1	-1	1	1.0
137	306376-319758	1	-1	-1	0.048
138	394742-438253	1	-1	-1	0.018
139	438253-438758	1	-1	-1	0.002
140	306341-319864	1	-1	-1	0.0
141	1330242-1330248	1	-1	-1	0.004
142	276906-276990	1	-1	-1	0.004
143	352285-352343	1	-1	-1	0.012
144	332403-332421	1	-1	-1	0.002
145	306306-306342	1	1	1	0.626
146	381665-381777	1	-1	1	0.506
147	266923-267024	1	-1	-1	0.0
148	1272110-1272135	1	-1	-1	0.002
149	319489-395127	1	-1	-1	0.014
150	394983-438313	1	-1	-1	0.192
151	332384-332398	1	-1	-1	0.0
152	132468-132506	1	-1	-1	0.002
153	131388-132471	1	-1	-1	0.068
154	319816-319894	1	1	1	0.998
155	438417-1370107	1	-1	-1	0.0
156	306341-306376	1	-1	-1	0.218
157	352344-352354	1	-1	-1	0.0
158	394984-395198	1	-1	-1	0.024
159	263582-263623	1	1	1	0.752
160	381824-382014	1	-1	-1	0.0
161	319889-319971	1	-1	-1	0.0
162	438417-1370106	1	-1	-1	0.018
163	402009-402029	1	-1	-1	0.0
164	263582-263698	1	-1	-1	0.034
165	306375-319926	1	1	1	0.974
166	394675-395128	1	-1	-1	0.0
167	381773-381915	1	-1	-1	0.004
168	332409-332415	1	-1	-1	0.002
169	319783-319894	1	1	1	1.0
170	276617-277141	1	-1	-1	0.002
171	394023-394820	1	-1	-1	0.0
172	352402-438315	1	-1	-1	0.0
173	1272110-1272112	1	-1	-1	0.002
174	273323-273358	1	-1	-1	0.014
175	254791-254796	1	-1	-1	0.0
176	438757-438948	1	-1	1	0.588
177	370121-523846	1	1	1	0.804
178	332381-332397	1	-1	-1	0.456
179	254747-297711	1	-1	-1	0.0
180	306341-319917	1	-1	-1	0.018
181	1249489-1249647	1	-1	-1	0.37
182	438756-438949	1	-1	-1	0.18
183	381669-381824	1	-1	-1	0.004
184	438546-438825	1	-1	-1	0.166
185	346748-346800	1	-1	-1	0.326
186	332368-332370	1	-1	-1	0.04
187	360049-360050	1	-1	-1	0.248
188	306306-306340	1	-1	-1	0.25
189	276946-277071	1	-1	-1	0.0
190	276617-277055	1	-1	-1	0.0
191	132095-132637	1	-1	-1	0.004
192	306342-319808	1	-1	1	0.596
193	306306-319774	1	1	1	0.55
194	370123-523784	1	-1	-1	0.04
195	1272106-1272130	1	-1	-1	0.018
196	319894-319902	1	1	1	1.0
197	332386-332401	1	-1	-1	0.0
198	332370-332415	1	-1	-1	0.18
199	319766-319864	1	-1	-1	0.0
200	352399-1370057	1	-1	-1	0.0
201	254764-254931	1	-1	-1	0.0
202	1532672-1532687	1	-1	-1	0.002
203	346697-346702	1	1	1	0.578
204	277037-277093	1	-1	-1	0.0
205	352402-1370113	1	-1	-1	0.0
206	319377-438619	1	-1	-1	0.0
207	332402-332418	1	-1	-1	0.002
208	332369-332381	1	-1	-1	0.414
209	332372-332410	1	1	1	0.908
210	319792-319816	1	-1	-1	0.0
211	319799-319960	1	-1	-1	0.0
212	332372-332375	1	-1	1	0.636
213	319428-352520	1	1	1	1.0
214	276929-276943	1	-1	-1	0.018
215	352521-438251	1	-1	-1	0.002
216	306305-319766	1	-1	-1	0.04
217	352525-438251	1	-1	-1	0.098
218	352520-395198	1	1	1	0.92
219	306375-319783	1	1	1	0.976
220	394023-395200	1	-1	-1	0.0
221	394982-439019	1	-1	-1	0.004
222	131878-277141	1	-1	-1	0.0
223	131316-276990	1	1	1	0.936
224	319864-319880	1	-1	-1	0.0
225	352521-394982	1	-1	-1	0.0
226	319864-319909	1	-1	-1	0.0
227	394023-394741	1	-1	-1	0.002
228	332404-332419	1	-1	-1	0.024
229	381771-381915	1	-1	-1	0.0
230	332379-332397	1	-1	-1	0.0
231	394821-438950	1	-1	-1	0.004
232	394022-438824	1	-1	-1	0.002
233	381819-381961	1	-1	-1	0.046
234	273675-273706	1	-1	-1	0.092
235	1272114-1272117	1	-1	-1	0.008
236	381669-381825	1	-1	-1	0.006
237	306375-319864	1	1	1	0.788
238	438314-1370100	1	-1	-1	0.0
239	374909-375005	1	1	-1	0.348
240	319749-319775	1	-1	-1	0.0
241	394743-438824	1	1	1	0.568
242	254728-297421	1	-1	-1	0.0
243	254796-254800	1	-1	-1	0.0
244	254764-254769	1	-1	-1	0.012
245	352357-352378	1	-1	-1	0.0
246	346711-346720	1	-1	-1	0.036
247	332375-332418	1	1	1	0.914
248	306342-319917	1	1	1	0.878
249	352402-1370108	1	-1	-1	0.0
250	370106-370107	1	-1	-1	0.044
251	319489-352521	1	-1	-1	0.01
252	352521-394981	1	-1	-1	0.002
253	319377-394742	1	-1	-1	0.0
254	381771-381825	1	-1	-1	0.008
255	395061-395198	1	-1	-1	0.002
256	1272104-1272108	1	-1	-1	0.364
257	352526-438825	1	-1	-1	0.098
258	332401-332425	1	-1	-1	0.0
259	319377-395199	1	-1	-1	0.002
260	401898-402031	1	-1	-1	0.0
261	319408-319495	1	-1	-1	0.426
262	332390-332419	1	-1	-1	0.0
263	352518-352526	1	1	1	0.896
264	352401-1370114	1	-1	-1	0.0
265	352526-438890	1	-1	-1	0.008
266	352526-438758	1	-1	-1	0.084
267	254931-297627	1	-1	-1	0.0
268	131972-132471	1	-1	-1	0.0
269	352526-438251	1	-1	-1	0.002
270	346765-438132	1	-1	-1	0.01
271	252516-332398	1	-1	-1	0.002
272	1272124-1272131	1	-1	-1	0.0
273	254728-297316	1	-1	-1	0.0
274	381913-381961	1	-1	-1	0.42
275	360045-360053	1	-1	-1	0.034
276	277012-277141	1	-1	-1	0.008
277	438483-1370108	1	-1	-1	0.0
278	276929-276990	1	-1	-1	0.0
279	394022-394982	1	-1	-1	0.042
280	352334-352378	1	-1	-1	0.0
281	332383-332418	1	-1	-1	0.002
282	297687-297801	1	-1	-1	0.002
283	306306-319765	1	-1	-1	0.01
284	252516-332383	1	-1	-1	0.0
285	394824-395199	1	1	1	0.916
286	381825-381870	1	-1	-1	0.002
287	250354-253737	1	-1	-1	0.034
288	395063-395127	1	-1	-1	0.022
289	319749-319894	1	1	1	1.0
290	319756-319792	1	-1	-1	0.0
291	352290-352377	1	-1	-1	0.0
292	352526-438621	1	-1	-1	0.026
293	352524-438756	1	-1	-1	0.116
294	173468-174107	1	1	1	0.676
295	332393-332422	1	1	1	0.908
296	1272103-1272116	1	-1	-1	0.004
297	352399-439021	1	-1	-1	0.0
298	332376-332393	1	-1	-1	0.15
299	381619-381965	1	-1	-1	0.382
300	395126-395127	1	-1	-1	0.014
301	254802-254931	1	-1	-1	0.0
302	332374-332409	1	-1	-1	0.0
303	394742-438546	1	-1	-1	0.006
304	332397-332402	1	-1	-1	0.0
305	254791-297306	1	-1	-1	0.0
306	319489-394741	1	-1	-1	0.01
307	352522-394889	1	-1	-1	0.024
308	332380-332403	1	-1	-1	0.0
309	1272098-1272129	1	-1	-1	0.008
310	523754-523783	1	-1	-1	0.02
311	438949-439020	1	-1	-1	0.132
312	370111-523813	1	-1	-1	0.004
313	263698-263776	1	-1	-1	0.146
314	1532675-1532682	1	-1	-1	0.0
315	438314-1370057	1	-1	-1	0.0
316	394024-394820	1	-1	-1	0.0
317	254764-533211	1	1	-1	0.046
318	346745-346750	1	-1	-1	0.008
319	370119-370120	1	-1	-1	0.484
320	352399-438314	1	-1	-1	0.0
321	1272103-1272108	1	1	-1	0.44
322	319387-319397	1	1	1	0.972
323	394022-438890	1	-1	-1	0.008
324	254796-297676	1	-1	-1	0.0
325	332381-332404	1	1	-1	0.452
326	438255-1370115	1	-1	-1	0.004
327	132443-132475	1	-1	-1	0.146
328	254778-297419	1	-1	-1	0.0
329	1272125-1272132	1	-1	-1	0.0
330	254747-254796	1	-1	-1	0.0
331	319766-319875	1	-1	-1	0.0
332	366554-366564	1	-1	-1	0.164
333	321841-1407014	1	-1	-1	0.032
334	1272098-1272118	1	-1	-1	0.0
335	332398-332401	1	-1	-1	0.0
336	1272117-1272129	1	-1	-1	0.07
337	346765-438417	1	-1	-1	0.0
338	352354-352362	1	-1	-1	0.0
339	381819-381915	1	-1	-1	0.002
340	319756-319889	1	-1	-1	0.002
341	276929-277037	1	-1	-1	0.0
342	352521-394023	1	-1	-1	0.0
343	352519-395128	1	1	1	1.0
344	438358-1370057	1	-1	-1	0.0
345	131878-276910	1	-1	-1	0.0
346	346765-438544	1	-1	-1	0.012
347	346699-346707	1	-1	-1	0.044
348	332383-332386	1	-1	-1	0.0
349	254769-297685	1	-1	-1	0.0
350	276990-277012	1	-1	-1	0.034
351	306306-319874	1	1	1	1.0
352	319377-438825	1	-1	-1	0.0
353	332404-332415	1	-1	-1	0.026
354	394889-438313	1	-1	-1	0.002
355	319791-319816	1	-1	-1	0.0
356	332384-332419	1	-1	-1	0.004
357	394982-438755	1	-1	-1	0.066
358	332392-332404	1	-1	-1	0.01
359	438358-1370108	1	-1	-1	0.0
360	254778-297426	1	-1	-1	0.0
361	395127-438621	1	-1	-1	0.012
362	394887-395198	1	1	1	0.994
363	394824-438691	1	-1	-1	0.018
364	352349-352377	1	-1	-1	0.0
365	394983-438825	1	-1	-1	0.0
366	254764-533210	1	1	-1	0.102
367	332392-332415	1	-1	-1	0.0
368	332371-332396	1	-1	-1	0.008
369	277037-277072	1	-1	-1	0.012
370	1370107-1370113	1	-1	-1	0.092
371	352518-438546	1	1	1	0.944
372	395127-438757	1	1	1	0.864
373	438132-1370109	1	-1	-1	0.042
374	346739-346764	1	-1	-1	0.086
375	381665-381965	1	1	-1	0.42
376	352325-438252	1	-1	-1	0.002
377	370111-523848	1	-1	-1	0.0
378	394742-394743	1	-1	-1	0.006
379	332386-332400	1	-1	-1	0.0
380	346699-346702	1	-1	-1	0.084
381	131316-277012	1	1	1	0.89
382	332373-332375	1	-1	-1	0.066
383	332374-332397	1	-1	-1	0.002
384	394984-438889	1	-1	-1	0.354
385	319738-321865	1	-1	-1	0.398
386	352525-394741	1	-1	-1	0.098
387	252516-332377	1	1	-1	0.468
388	1532677-1532684	1	-1	-1	0.004
389	346712-346716	1	-1	-1	0.002
390	131811-131997	1	-1	-1	0.21
391	276875-277141	1	-1	-1	0.0
392	352521-395127	1	-1	-1	0.054
393	306041-1330248	1	1	1	1.0
394	332372-332376	1	-1	1	0.568
395	395198-395200	1	-1	-1	0.022
396	381720-381819	1	1	-1	0.286
397	352267-352347	1	-1	-1	0.0
398	319889-319977	1	-1	-1	0.0
399	254931-297676	1	-1	-1	0.0
400	1532673-1532678	1	-1	-1	0.0
401	273947-274078	1	-1	-1	0.006
402	306340-319902	1	-1	-1	0.016
403	352400-1370108	1	-1	-1	0.0
404	395126-395199	1	-1	-1	0.006
405	370108-523875	1	-1	-1	0.036
406	1272108-1272129	1	1	1	0.58
407	1272098-1272127	1	-1	-1	0.006
408	370109-523875	1	-1	-1	0.002
409	346705-346715	1	-1	-1	0.074
410	332376-332418	1	1	1	0.538
411	319489-438950	1	-1	-1	0.002
412	254747-297302	1	-1	-1	0.0
413	370134-370137	1	-1	-1	0.216
414	438621-438824	1	-1	1	0.672
415	1272131-1272135	1	-1	-1	0.002
416	306376-319960	1	-1	-1	0.028
417	332398-332418	1	-1	-1	0.0
418	1272107-1272110	1	-1	-1	0.004
419	319888-319901	1	-1	-1	0.0
420	352399-1370107	1	-1	-1	0.0
421	254778-254796	1	-1	-1	0.012
422	1370114-1370115	1	-1	-1	0.226
423	319489-394022	1	-1	-1	0.002
424	370134-370136	1	-1	-1	0.216
425	332397-332403	1	-1	-1	0.0
426	352402-438314	1	-1	-1	0.0
427	438132-1370108	1	-1	-1	0.008
428	395199-438691	1	1	-1	0.068
429	332409-332422	1	-1	-1	0.0
430	394023-438253	1	-1	-1	0.0
431	332387-332402	1	-1	-1	0.0
432	346714-346721	1	-1	-1	0.276
433	319748-319816	1	-1	-1	0.024
434	319766-319977	1	-1	-1	0.0
435	306341-319758	1	-1	-1	0.002
436	395061-438253	1	-1	-1	0.0
437	1272121-1272132	1	-1	-1	0.0
438	319808-319864	1	-1	-1	0.0
439	332402-332422	1	-1	-1	0.0
440	131316-276875	1	1	1	0.928
441	319749-319792	1	-1	-1	0.0
442	319766-319918	1	-1	-1	0.002
443	375004-375048	1	1	-1	0.284
444	394887-438546	1	1	1	0.938
445	1272130-1272132	1	-1	-1	0.0
446	131388-131502	1	-1	-1	0.286
447	332372-332377	1	-1	1	0.634
448	253737-253844	1	-1	-1	0.036
449	332400-332415	1	-1	-1	0.0
450	370109-523813	1	-1	-1	0.004
451	346715-346717	1	-1	-1	0.14
452	352334-352354	1	-1	-1	0.0
453	332390-332404	1	-1	-1	0.0
454	319799-319926	1	-1	-1	0.0
455	306306-319816	1	-1	-1	0.0
456	381669-381917	1	-1	-1	0.004
457	319707-321833	1	-1	-1	0.454
458	381232-381669	1	-1	-1	0.01
459	332375-332396	1	-1	-1	0.334
460	332390-332409	1	-1	-1	0.0
461	332401-332402	1	-1	-1	0.0
462	306306-319756	1	-1	-1	0.0
463	332387-332398	1	-1	-1	0.0
464	366565-366571	1	-1	-1	0.05
465	332392-332393	1	1	-1	0.298
466	332393-332396	1	-1	-1	0.272
467	352518-439020	1	1	1	0.93
468	174106-174107	1	-1	-1	0.124
469	394824-438621	1	1	1	0.746
470	1272104-1272106	1	-1	-1	0.414
471	352520-395199	1	1	1	1.0
472	346711-346714	1	-1	-1	0.078
473	131502-131972	1	-1	-1	0.412
474	352325-1370057	1	-1	-1	0.0
475	1330242-1330244	1	-1	-1	0.006
476	352525-394742	1	-1	-1	0.12
477	332383-332417	1	-1	-1	0.01
478	352400-1370106	1	-1	-1	0.0
479	56191-56228	1	-1	-1	0.0
480	394822-438889	1	1	1	0.696
481	374955-375049	1	-1	-1	0.066
482	394983-438253	1	-1	-1	0.0
483	438251-438890	1	-1	-1	0.008
484	352532-438063	1	-1	-1	0.002
485	438690-438889	1	1	-1	0.02
486	352522-394024	1	-1	-1	0.036
487	56191-57033	1	-1	-1	0.018
488	352518-438619	1	1	1	0.988
489	332385-332400	1	-1	-1	0.0
490	352524-438949	1	-1	-1	0.048
491	132589-132612	1	-1	-1	0.014
492	277055-277072	1	-1	-1	0.002
493	1272107-1272132	1	-1	-1	0.0
494	332372-332379	1	-1	-1	0.242
495	1532673-1532681	1	-1	-1	0.002
496	395060-438824	1	-1	-1	0.04
497	1532670-1532672	1	-1	-1	0.004
498	132475-132507	1	-1	-1	0.074
499	276590-276910	1	-1	-1	0.002
500	438358-1394466	1	-1	-1	0.0
501	276910-277037	1	-1	-1	0.002
502	319792-319960	1	-1	-1	0.0
503	394983-438822	1	-1	-1	0.0
504	381819-381869	1	-1	-1	0.002
505	332372-332421	1	1	-1	0.45
506	352399-1370115	1	-1	-1	0.0
507	1330235-1330246	1	-1	-1	0.0
508	352398-1370115	1	-1	-1	0.0
509	319775-319977	1	-1	-1	0.0
510	1300222-1300227	1	-1	-1	0.19
511	394675-438948	1	1	-1	0.224
512	332382-332397	1	-1	-1	0.0
513	352343-352377	1	-1	-1	0.02
514	276910-277072	1	-1	-1	0.0
515	352521-352524	1	-1	-1	0.008
516	332415-332425	1	-1	-1	0.0
517	394888-438822	1	1	1	0.996
518	381233-381825	1	-1	-1	0.0
519	370118-523848	1	-1	-1	0.014
520	346702-346712	1	-1	-1	0.044
521	332375-332392	1	1	-1	0.23
522	394820-394982	1	-1	-1	0.0
523	394981-438755	1	-1	-1	0.03
524	319377-438620	1	-1	-1	0.0
525	332383-332401	1	-1	-1	0.0
526	332377-332381	1	-1	-1	0.372
527	394675-438689	1	1	1	0.92
528	346765-438255	1	-1	-1	0.008
529	438483-1370112	1	1	1	0.84
530	332383-332410	1	-1	-1	0.004
531	332398-332400	1	-1	-1	0.002
532	332384-332400	1	-1	-1	0.002
533	352520-438251	1	1	1	0.998
534	332410-332425	1	-1	-1	0.0
535	319377-352349	1	-1	-1	0.0
536	1272119-1272121	1	-1	-1	0.004
537	254791-297426	1	-1	-1	0.0
538	252516-332403	1	-1	-1	0.0
539	332376-332410	1	1	1	0.662
540	332397-332409	1	-1	-1	0.0
541	132475-276528	1	-1	-1	0.15
542	1272098-1272102	1	-1	-1	0.004
543	332371-332387	1	-1	-1	0.0
544	352347-352357	1	-1	-1	0.0
545	352520-395061	1	1	1	0.944
546	352522-394821	1	-1	-1	0.028
547	254769-297303	1	-1	-1	0.0
548	252516-332387	1	-1	-1	0.0
549	319489-438621	1	-1	-1	0.014
550	366565-366566	1	-1	-1	0.056
551	366566-366568	1	1	1	0.512
552	346720-346800	1	-1	-1	0.148
553	438824-438948	1	1	1	0.664
554	305220-1330236	1	-1	-1	0.328
555	306375-319888	1	1	1	0.974
556	352337-352378	1	-1	-1	0.0
557	394820-438689	1	-1	1	0.508
558	438255-1370106	1	-1	-1	0.0
559	276946-277093	1	-1	-1	0.0
560	352399-438132	1	-1	-1	0.0
561	276875-277072	1	-1	-1	0.0
562	332401-332410	1	-1	-1	0.004
563	250277-251702	1	-1	-1	0.036
564	352398-438314	1	-1	-1	0.0
565	346715-350100	1	1	1	0.826
566	276910-277141	1	-1	-1	0.0
567	332376-332380	1	-1	-1	0.086
568	366565-366568	1	1	-1	0.47
569	1370109-1370111	1	-1	-1	0.032
570	319428-352526	1	-1	-1	0.0
571	174082-174141	1	-1	-1	0.222
572	319489-395200	1	-1	-1	0.008
573	346702-346718	1	-1	-1	0.01
574	352524-352526	1	-1	-1	0.264
575	438822-439020	1	1	1	0.894
576	370106-370109	1	-1	-1	0.028
577	1272114-1272130	1	-1	-1	0.0
578	370107-523848	1	-1	-1	0.008
579	266908-267188	1	-1	-1	0.002
580	394821-439020	1	-1	-1	0.11
581	352525-394889	1	-1	-1	0.052
582	319879-319926	1	-1	-1	0.0
583	319489-395128	1	-1	-1	0.016
584	438756-438822	1	1	1	0.944
585	319889-319895	1	-1	-1	0.0
586	319865-319901	1	-1	-1	0.0
587	395063-438949	1	1	1	0.602
588	438060-1370106	1	-1	-1	0.004
589	319400-319428	1	1	1	0.58
590	332390-332392	1	-1	-1	0.0
591	438313-438621	1	-1	-1	0.04
592	332385-332387	1	-1	-1	0.0
593	250275-251400	1	-1	-1	0.01
594	321848-321864	1	-1	-1	0.332
595	319489-352520	1	1	1	1.0
596	523754-523784	1	-1	-1	0.022
597	438420-1370100	1	-1	-1	0.01
598	332402-332404	1	-1	-1	0.0
599	352290-352333	1	-1	-1	0.148
600	352325-352363	1	-1	-1	0.0
601	394889-438691	1	-1	-1	0.002
602	319775-319784	1	-1	-1	0.022
603	319799-319865	1	-1	-1	0.0
604	56228-56431	1	-1	-1	0.008
605	332392-332412	1	-1	-1	0.0
606	319756-319874	1	1	1	1.0
607	276910-276990	1	-1	-1	0.002
608	346701-346711	1	-1	-1	0.044
609	319874-319917	1	1	1	0.998
610	352522-394824	1	-1	-1	0.454
611	438949-438950	1	-1	-1	0.132
612	254785-297419	1	-1	-1	0.0
613	394887-438251	1	1	-1	0.17
614	332402-332409	1	-1	-1	0.002
615	394743-438313	1	-1	-1	0.256
616	523781-523784	1	-1	-1	0.024
617	276617-276875	1	-1	-1	0.0
618	352285-352362	1	-1	-1	0.0
619	276458-277072	1	-1	-1	0.022
620	352401-439021	1	-1	-1	0.0
621	352525-438621	1	-1	-1	0.086
622	254778-297685	1	-1	-1	0.0
623	1272103-1272132	1	-1	-1	0.014
624	306341-319800	1	1	1	1.0
625	401897-402031	1	-1	-1	0.0
626	266944-267111	1	-1	-1	0.0
627	394888-439020	1	-1	1	0.896
628	395126-438757	1	1	1	0.91
629	352525-394024	1	-1	-1	0.0
630	254824-297316	1	-1	-1	0.0
631	394822-438546	1	-1	-1	0.15
632	395126-438621	1	-1	-1	0.012
633	254931-297687	1	-1	-1	0.004
634	276458-276990	1	-1	-1	0.004
635	332368-332382	1	-1	-1	0.014
636	1532678-1532687	1	-1	-1	0.002
637	352267-352354	1	-1	-1	0.0
638	346703-346704	1	-1	-1	0.106
639	254778-297723	1	-1	-1	0.0
640	360047-360053	1	-1	-1	0.236
641	438618-438758	1	-1	-1	0.03
642	319408-319487	1	-1	-1	0.04
643	1532677-1532687	1	-1	-1	0.002
644	438252-1370111	1	-1	-1	0.002
645	381868-381915	1	-1	-1	0.002
646	395063-438621	1	-1	1	0.64
647	319428-394983	1	-1	-1	0.0
648	332384-332409	1	-1	-1	0.006
649	381771-381870	1	-1	-1	0.004
650	306306-319879	1	-1	-1	0.0
651	438620-439019	1	-1	-1	0.002
652	319428-394675	1	-1	-1	0.006
653	438314-1370106	1	-1	-1	0.0
654	394024-394887	1	1	1	0.994
655	352267-352377	1	-1	-1	0.0
656	370121-523904	1	1	1	0.842
657	370119-523847	1	-1	-1	0.024
658	306341-319792	1	-1	-1	0.0
659	381869-381961	1	-1	-1	0.154
660	1272107-1272131	1	-1	-1	0.038
661	381819-381965	1	-1	-1	0.072
662	366554-366571	1	-1	-1	0.028
663	319874-319895	1	1	1	1.0
664	319428-394741	1	-1	-1	0.002
665	306375-319765	1	1	1	0.928
666	438889-438949	1	1	1	0.656
667	394824-438756	1	-1	-1	0.308
668	332374-332396	1	-1	-1	0.0
669	370111-523847	1	-1	-1	0.006
670	381669-381967	1	-1	-1	0.116
671	297303-297801	1	-1	-1	0.0
672	352519-438621	1	1	1	0.998
673	306341-319756	1	-1	-1	0.0
674	332380-332385	1	-1	-1	0.0
675	332392-332402	1	-1	-1	0.0
676	352518-438620	1	1	1	0.866
677	332398-332417	1	-1	-1	0.008
678	254824-297412	1	-1	-1	0.0
679	56227-57033	1	-1	-1	0.02
680	346743-346747	1	-1	-1	0.004
681	352401-1370115	1	-1	-1	0.0
682	352518-438313	1	1	1	0.888
683	332378-332401	1	-1	-1	0.0
684	319377-394022	1	-1	-1	0.0
685	352400-438314	1	-1	-1	0.0
686	352354-352377	1	-1	-1	0.0
687	394824-395061	1	1	1	0.626
688	1272107-1272119	1	-1	-1	0.0
689	395063-438689	1	1	1	0.924
690	394983-438621	1	-1	-1	0.0
691	319377-394981	1	-1	-1	0.006
692	332384-332422	1	-1	-1	0.0
693	332387-332415	1	-1	-1	0.0
694	381669-381869	1	-1	-1	0.008
695	319387-319406	1	1	-1	0.352
696	394982-438546	1	-1	-1	0.038
697	277071-277141	1	-1	-1	0.0
698	394821-438690	1	-1	-1	0.022
699	319707-319708	1	-1	-1	0.11
700	319489-394675	1	-1	-1	0.046
701	319428-438313	1	-1	-1	0.0
702	352344-352363	1	-1	-1	0.0
703	276753-277093	1	-1	-1	0.01
704	438757-438822	1	1	1	0.962
705	394023-438758	1	-1	-1	0.0
706	438619-438824	1	-1	1	0.738
707	381232-381870	1	-1	-1	0.032
708	352518-394984	1	1	1	0.948
709	332372-332418	1	1	1	0.812
710	1330240-1330248	1	-1	-1	0.0
711	1300222-1300249	1	-1	-1	0.256
712	352524-394889	1	-1	-1	0.012
713	346765-438315	1	-1	-1	0.004
714	395063-438619	1	-1	1	0.69
715	394981-438251	1	-1	-1	0.0
716	381771-382014	1	-1	-1	0.0
717	319766-319902	1	-1	-1	0.0
718	360018-360054	1	-1	-1	0.04
719	1272098-1272113	1	-1	-1	0.002
720	276617-277072	1	-1	-1	0.0
721	254769-297801	1	-1	-1	0.002
722	352354-352378	1	-1	-1	0.0
723	394981-438253	1	-1	-1	0.148
724	352332-352362	1	-1	-1	0.0
725	332396-332398	1	-1	-1	0.0
726	352325-352337	1	1	-1	0.0
727	352402-1370114	1	-1	-1	0.0
728	395126-395200	1	-1	-1	0.066
729	319775-319960	1	-1	-1	0.0
730	332387-332417	1	-1	-1	0.002
731	306305-319880	1	-1	-1	0.026
732	319708-321848	1	-1	-1	0.01
733	346748-346801	1	1	1	0.724
734	352520-438890	1	1	1	0.874
735	360045-360050	1	-1	-1	0.02
736	394024-438546	1	-1	-1	0.0
737	332392-332417	1	-1	-1	0.008
738	251400-253737	1	-1	-1	0.008
739	1272106-1272107	1	-1	-1	0.036
740	1330264-1330265	1	-1	-1	0.024
741	319756-319765	1	-1	-1	0.002
742	1330238-1330246	1	-1	-1	0.002
743	352521-438690	1	-1	-1	0.0
744	346697-346711	1	1	-1	0.448
745	395128-438621	1	-1	-1	0.05
746	1370113-1370114	1	-1	-1	0.096
747	381906-381908	1	-1	-1	0.39
748	306375-319865	1	1	1	0.682
749	1272103-1272113	1	-1	-1	0.002
750	346765-352402	1	-1	-1	0.002
751	394984-395126	1	-1	-1	0.004
752	1272114-1272125	1	-1	-1	0.0
753	394820-438251	1	-1	-1	0.0
754	395199-438889	1	-1	-1	0.382
755	1272108-1272116	1	1	1	0.788
756	319774-319902	1	1	1	0.874
757	332375-332379	1	-1	-1	0.054
758	263630-263700	1	-1	-1	0.08
759	352521-438618	1	-1	-1	0.0
760	332387-332403	1	-1	-1	0.0
761	346712-346800	1	-1	-1	0.126
762	319766-319800	1	1	1	1.0
763	381619-381967	1	1	1	0.724
764	370107-523847	1	-1	-1	0.02
765	276458-276617	1	-1	-1	0.006
766	352325-438358	1	-1	-1	0.0
767	1272110-1272132	1	-1	-1	0.0
768	254791-297676	1	-1	-1	0.0
769	319377-438618	1	-1	-1	0.0
770	346765-1394466	1	-1	-1	0.02
771	346705-346722	1	-1	-1	0.15
772	332412-332415	1	-1	-1	0.01
773	319724-321848	1	-1	-1	0.016
774	346705-350100	1	1	1	0.68
775	352519-438758	1	1	1	1.0
776	438251-438756	1	-1	-1	0.11
777	438063-1370114	1	-1	-1	0.002
778	352402-1370100	1	-1	-1	0.0
779	273973-274078	1	-1	-1	0.092
780	352524-394742	1	-1	-1	0.074
781	1272111-1272117	1	-1	-1	0.1
782	276910-277012	1	-1	-1	0.022
783	352400-438417	1	-1	-1	0.004
784	132132-276616	1	-1	-1	0.446
785	438618-438825	1	-1	-1	0.074
786	319748-319864	1	-1	-1	0.0
787	346700-346705	1	-1	-1	0.008
788	332376-332381	1	-1	-1	0.244
789	401887-401943	1	-1	-1	0.004
790	319894-319909	1	1	1	1.0
791	352522-438950	1	-1	-1	0.012
792	438757-439020	1	-1	1	0.636
793	332373-332403	1	-1	-1	0.0
794	1272108-1272125	1	1	1	0.788
795	352334-352377	1	-1	-1	0.0
796	346709-346800	1	-1	-1	0.2
797	263659-263665	1	-1	-1	0.122
798	319816-319879	1	-1	-1	0.0
799	332371-332378	1	-1	-1	0.0
800	319775-319791	1	-1	-1	0.0
801	381619-381819	1	-1	1	0.752
802	319723-319724	1	-1	-1	0.068
803	395128-438890	1	-1	-1	0.114
804	57036-57037	1	-1	-1	0.0
805	394022-438618	1	-1	1	0.668
806	346700-346712	1	-1	-1	0.038
807	394022-395126	1	-1	-1	0.006
808	438619-438890	1	-1	-1	0.016
809	319875-319901	1	-1	-1	0.0
810	332404-332418	1	-1	-1	0.026
811	319377-352376	1	-1	-1	0.0
812	277037-277071	1	-1	-1	0.008
813	346702-346719	1	-1	-1	0.136
814	56187-57037	1	-1	-1	0.002
815	370108-370120	1	-1	-1	0.108
816	394982-438621	1	-1	-1	0.002
817	395063-438890	1	-1	-1	0.396
818	1272114-1272116	1	-1	-1	0.0
819	394741-439019	1	-1	-1	0.0
820	254796-297627	1	-1	-1	0.0
821	308368-319510	1	1	1	0.82
822	332379-332402	1	-1	-1	0.0
823	438417-1370112	1	1	1	0.95
824	131972-132506	1	-1	-1	0.002
825	352524-352525	1	-1	-1	0.222
826	332385-332389	1	-1	-1	0.0
827	438619-438691	1	1	-1	0.49
828	394981-438690	1	-1	-1	0.032
829	319756-319864	1	-1	-1	0.0
830	276883-276929	1	-1	-1	0.0
831	438252-1370108	1	-1	-1	0.0
832	306342-319902	1	1	1	0.914
833	394887-438757	1	-1	-1	0.488
834	332377-332396	1	-1	-1	0.294
835	394822-438948	1	-1	-1	0.066
836	438692-438949	1	-1	-1	0.0
837	319377-438755	1	-1	-1	0.0
838	438948-438949	1	-1	-1	0.054
839	319379-319408	1	-1	-1	0.416
840	319489-394983	1	-1	-1	0.0
841	394888-438253	1	1	1	0.974
842	308368-319400	1	1	1	0.916
843	332389-332401	1	-1	-1	0.0
844	394024-438758	1	-1	-1	0.0
845	438252-1370109	1	-1	-1	0.042
846	401898-402081	1	-1	-1	0.0
847	276946-277072	1	-1	-1	0.002
848	346694-346758	1	-1	-1	0.11
849	321841-321848	1	-1	-1	0.104
850	319377-438758	1	-1	-1	0.0
851	263510-263709	1	-1	-1	0.428
852	346745-346749	1	-1	-1	0.006
853	276943-277141	1	-1	-1	0.018
854	352519-394983	1	1	1	1.0
855	370118-523904	1	-1	-1	0.012
856	254785-297677	1	-1	-1	0.0
857	174107-174141	1	-1	-1	0.082
858	319863-319894	1	1	1	1.0
859	132097-132114	1	-1	-1	0.072
860	306342-319901	1	1	1	0.752
861	394887-438620	1	1	1	0.776
862	394983-438950	1	-1	-1	0.014
863	332396-332409	1	-1	-1	0.0
864	319808-319977	1	-1	-1	0.0
865	319774-319792	1	-1	-1	0.394
866	332387-332396	1	-1	-1	0.0
867	352524-394982	1	-1	-1	0.244
868	438619-438758	1	-1	-1	0.002
869	250277-251265	1	1	-1	0.008
870	352521-394742	1	-1	-1	0.0
871	395060-395126	1	-1	-1	0.0
872	381825-382014	1	-1	-1	0.0
873	366565-366567	1	-1	-1	0.052
874	395063-395200	1	-1	-1	0.15
875	395127-438824	1	-1	-1	0.028
876	394741-439020	1	-1	-1	0.038
877	332372-332396	1	-1	1	0.786
878	438546-438756	1	-1	-1	0.308
879	370106-523846	1	-1	-1	0.004
880	394982-438313	1	-1	-1	0.006
881	131316-277037	1	1	1	0.96
882	319489-438619	1	-1	-1	0.008
883	306306-319888	1	-1	-1	0.006
884	352520-438621	1	1	1	1.0
885	319428-394743	1	-1	-1	0.0
886	352522-395060	1	1	1	0.77
887	352290-352354	1	-1	-1	0.0
888	370107-370121	1	1	1	0.536
889	352526-394887	1	1	1	0.926
890	254769-297412	1	-1	-1	0.0
891	438420-1370106	1	-1	-1	0.008
892	352267-352378	1	-1	-1	0.0
893	394024-438689	1	-1	-1	0.004
894	332403-332422	1	-1	-1	0.0
895	332401-332422	1	-1	-1	0.0
896	352520-395060	1	1	1	1.0
897	346697-346721	1	1	1	0.93
898	438060-1370113	1	-1	-1	0.002
899	273358-273457	1	-1	-1	0.014
900	395199-438756	1	1	1	0.828
901	131355-132064	1	-1	1	0.898
902	306306-319901	1	-1	-1	0.0
903	332397-332415	1	-1	-1	0.002
904	131878-276946	1	-1	-1	0.0
905	306376-319863	1	-1	-1	0.04
906	319489-394888	1	1	1	0.956
907	263666-263847	1	1	-1	0.33
908	1370100-1370115	1	-1	-1	0.004
909	438253-438949	1	-1	-1	0.06
910	394675-438253	1	-1	-1	0.002
911	57043-57062	1	-1	-1	0.0
912	346765-352400	1	-1	-1	0.0
913	352524-438253	1	-1	-1	0.24
914	374909-375048	1	-1	-1	0.462
915	332374-332403	1	-1	-1	0.002
916	394743-438948	1	-1	-1	0.04
917	352519-394888	1	-1	-1	0.28
918	395198-438691	1	1	1	0.902
919	438619-438889	1	-1	1	0.604
920	394743-394889	1	-1	-1	0.0
921	1272122-1272133	1	-1	-1	0.058
922	346707-346719	1	-1	-1	0.062
923	394675-438756	1	1	1	0.89
924	254769-254802	1	-1	-1	0.014
925	332370-332375	1	-1	-1	0.178
926	254728-297627	1	-1	-1	0.0
927	366562-366568	1	-1	1	0.634
928	439021-1370108	1	-1	-1	0.0
929	352325-438483	1	-1	-1	0.0
930	381771-381777	1	-1	-1	0.02
931	319393-319428	1	1	1	0.662
932	394824-395198	1	1	1	0.946
933	395126-438253	1	-1	-1	0.01
934	352519-438546	1	1	1	1.0
935	346697-346719	1	1	1	0.856
936	332376-332419	1	1	1	0.534
937	306306-319971	1	-1	-1	0.0
938	56431-57037	1	-1	-1	0.004
939	346701-346748	1	-1	1	0.698
940	381823-381961	1	-1	-1	0.144
941	438483-1394466	1	-1	-1	0.0
942	1272108-1272119	1	1	1	0.748
943	1532670-1532671	1	-1	-1	0.004
944	401897-402081	1	-1	-1	0.0
945	131355-276458	1	1	1	0.946
946	254791-297412	1	-1	-1	0.0
947	332383-332404	1	-1	-1	0.0
948	1272110-1272130	1	-1	-1	0.0
949	332393-332419	1	1	1	0.956
950	438546-438620	1	-1	-1	0.008
951	352524-394821	1	-1	-1	0.018
952	453143-453215	1	1	-1	0.156
953	366555-366564	1	1	-1	0.132
954	321841-321856	1	-1	-1	0.032
955	352290-352332	1	-1	-1	0.0
956	352524-438758	1	-1	-1	0.478
957	332374-332381	1	-1	1	0.584
958	395060-438889	1	-1	-1	0.434
959	116424-954431	1	1	1	0.778
960	332421-332422	1	-1	-1	0.0
961	1370113-1394466	1	-1	-1	0.036
962	252291-253844	1	-1	-1	0.22
963	394981-438950	1	-1	-1	0.01
964	319489-395126	1	-1	-1	0.002
965	352343-352354	1	-1	-1	0.072
966	319775-319971	1	-1	-1	0.0
967	276883-276990	1	-1	-1	0.004
968	346743-346745	1	-1	-1	0.008
969	352285-352354	1	-1	-1	0.0
970	319377-395127	1	-1	-1	0.006
971	319724-321856	1	-1	-1	0.004
972	1249489-1249649	1	-1	-1	0.48
973	332368-332403	1	-1	-1	0.33
974	438060-1370107	1	-1	-1	0.0
975	395198-438690	1	1	-1	0.042
976	250491-250507	1	-1	-1	0.026
977	346711-346712	1	-1	-1	0.036
978	395128-395198	1	-1	-1	0.002
979	523783-523784	1	-1	-1	0.044
980	394743-438251	1	-1	-1	0.002
981	381720-381967	1	-1	-1	0.142
982	1532670-1532679	1	-1	-1	0.004
983	374951-374955	1	-1	-1	0.054
984	394675-394824	1	1	1	0.954
985	346712-346714	1	-1	-1	0.056
986	370106-523847	1	-1	-1	0.01
987	332385-332402	1	-1	-1	0.0
988	381777-381913	1	1	-1	0.368
989	394982-395126	1	-1	-1	0.014
990	1272124-1272129	1	-1	-1	0.0
991	346699-346701	1	-1	-1	0.13
992	395127-438313	1	-1	-1	0.02
993	131458-132094	1	-1	-1	0.084
994	394743-438950	1	-1	-1	0.002
995	438618-438757	1	1	-1	0.004
996	352401-438420	1	-1	-1	0.0
997	346714-346719	1	-1	-1	0.112
998	394888-438620	1	1	1	0.958
999	394820-438253	1	-1	-1	0.0
1000	131811-132612	1	-1	-1	0.202
1001	346699-346703	1	-1	-1	0.18
1002	346745-346758	1	-1	-1	0.006
1003	352522-438889	1	1	-1	0.07
1004	352332-352337	1	-1	-1	0.0
1005	263630-263709	1	1	-1	0.446
1006	395061-438251	1	-1	-1	0.182
1007	438358-1370107	1	-1	-1	0.0
1008	394887-438253	1	1	1	0.996
1009	352402-352532	1	-1	-1	0.0
1010	319377-352333	1	-1	-1	0.0
1011	352519-394675	1	1	1	0.998
1012	1272111-1272112	1	1	-1	0.016
1013	277037-277141	1	-1	-1	0.0
1014	370135-370137	1	-1	-1	0.372
1015	263671-263847	1	1	-1	0.496
1016	263623-263666	1	1	-1	0.464
1017	370108-370119	1	-1	-1	0.05
1018	1272119-1272129	1	-1	-1	0.004
1019	332389-332394	1	-1	-1	0.0
1020	395128-438618	1	-1	-1	0.004
1021	266908-266987	1	-1	-1	0.0
1022	394023-394888	1	1	1	0.992
1023	319379-319428	1	-1	-1	0.362
1024	352524-394023	1	-1	-1	0.012
1025	352344-352357	1	-1	-1	0.0
1026	352519-394023	1	1	1	1.0
1027	131316-277055	1	1	1	0.916
1028	332380-332393	1	-1	1	0.762
1029	319874-319918	1	1	1	1.0
1030	352519-394984	1	1	1	1.0
1031	352518-394821	1	1	1	0.998
1032	1272098-1272132	1	-1	-1	0.0
1033	332385-332403	1	-1	-1	0.0
1034	346700-346701	1	-1	-1	0.118
1035	319749-319791	1	-1	-1	0.0
1036	276458-276946	1	-1	-1	0.004
1037	1272111-1272116	1	-1	-1	0.03
1038	1300117-1300222	1	-1	-1	0.21
1039	352401-1370100	1	-1	-1	0.0
1040	438692-438950	1	-1	-1	0.0
1041	438420-1394466	1	-1	-1	0.012
1042	352522-438689	1	-1	-1	0.036
1043	438420-1370108	1	-1	-1	0.0
1044	394024-438690	1	-1	-1	0.0
1045	438253-438825	1	-1	-1	0.004
1046	266908-266944	1	-1	-1	0.0
1047	319775-319792	1	-1	-1	0.0
1048	394742-438691	1	-1	-1	0.314
1049	319808-319816	1	-1	-1	0.0
1050	370109-370119	1	-1	-1	0.006
1051	381825-381915	1	-1	-1	0.0
1052	346697-346712	1	1	1	0.808
1053	395063-438756	1	1	1	0.956
1054	395200-438620	1	-1	-1	0.012
1055	346705-346706	1	1	-1	0.36
1056	395200-438889	1	-1	-1	0.446
1057	438253-438692	1	-1	-1	0.002
1058	1272127-1272132	1	-1	-1	0.0
1059	352521-438950	1	-1	-1	0.0
1060	352532-1370111	1	-1	-1	0.002
1061	273267-273358	1	-1	-1	0.024
1062	438690-438822	1	1	-1	0.044
1063	266987-267188	1	-1	-1	0.0
1064	332386-332398	1	-1	-1	0.0
1065	1604357-1604358	1	1	-1	0.468
1066	352332-352354	1	-1	-1	0.0
1067	352532-1370108	1	-1	-1	0.0
1068	254747-297683	1	-1	-1	0.0
1069	306340-306342	1	1	-1	0.028
1070	374953-375048	1	1	-1	0.354
1071	319863-319901	1	-1	-1	0.0
1072	394983-438251	1	-1	-1	0.04
1073	395063-438755	1	1	1	0.64
1074	306341-319748	1	-1	-1	0.018
1075	319791-319800	1	1	1	0.994
1076	352402-1370106	1	-1	-1	0.0
1077	319377-394982	1	-1	-1	0.0
1078	346711-346800	1	-1	-1	0.068
1079	438689-439019	1	-1	1	0.528
1080	1272108-1272118	1	1	1	0.766
1081	319765-319874	1	1	1	1.0
1082	276617-276990	1	-1	-1	0.002
1083	173864-174082	1	-1	-1	0.278
1084	381669-381870	1	-1	-1	0.012
1085	131388-131972	1	-1	-1	0.076
1086	252516-332375	1	1	-1	0.468
1087	346704-346706	1	-1	1	0.572
1088	1272098-1272131	1	-1	-1	0.03
1089	306305-306341	1	-1	-1	0.292
1090	266883-267223	1	-1	-1	0.008
1091	252516-332401	1	-1	-1	0.0
1092	306340-319865	1	-1	-1	0.032
1093	346721-346801	1	-1	-1	0.438
1094	346699-346719	1	-1	-1	0.262
1095	276617-276946	1	-1	-1	0.002
1096	332393-332412	1	1	1	0.964
1097	346714-346716	1	-1	-1	0.07
1098	319377-439019	1	-1	-1	0.0
1099	306376-319895	1	-1	-1	0.05
1100	1272115-1272119	1	-1	-1	0.014
1101	438132-1370113	1	-1	-1	0.002
1102	332404-332421	1	-1	-1	0.026
1103	352400-438255	1	-1	-1	0.0
1104	254769-254824	1	-1	-1	0.0
1105	395127-439019	1	-1	-1	0.076
1106	332372-332373	1	-1	-1	0.33
1107	56431-57042	1	-1	-1	0.002
1108	276990-277071	1	-1	-1	0.0
1109	1272124-1272125	1	-1	-1	0.0
1110	370107-523873	1	-1	-1	0.006
1111	319879-319902	1	-1	-1	0.0
1112	131355-277141	1	1	1	0.958
1113	352519-438692	1	1	1	0.998
1114	263582-263701	1	1	1	0.83
1115	131997-132612	1	-1	-1	0.036
1116	319428-438546	1	-1	-1	0.0
1117	352398-438132	1	-1	-1	0.0
1118	381720-381871	1	-1	-1	0.258
1119	352518-352522	1	1	1	0.762
1120	394983-438618	1	-1	-1	0.026
1121	394023-394983	1	-1	-1	0.0
1122	306375-319977	1	1	1	0.926
1123	306306-319799	1	-1	-1	0.0
1124	131458-131811	1	-1	-1	0.302
1125	1370111-1370115	1	-1	-1	0.028
1126	394983-438757	1	1	1	0.876
1127	332368-332383	1	-1	-1	0.094
1128	319783-319864	1	-1	-1	0.0
1129	394888-438691	1	-1	-1	0.024
1130	394743-394821	1	-1	-1	0.01
1131	394887-394984	1	1	1	1.0
1132	332377-332392	1	1	-1	0.202
1133	346739-346745	1	-1	-1	0.012
1134	319774-319784	1	-1	1	0.706
1135	352524-438313	1	-1	-1	0.2
1136	306306-319918	1	-1	-1	0.002
1137	438251-438755	1	-1	-1	0.006
1138	319377-394743	1	-1	-1	0.0
1139	250491-252291	1	-1	-1	0.162
1140	1330246-1330248	1	-1	-1	0.004
1141	332390-332397	1	-1	-1	0.0
1142	319489-438758	1	-1	-1	0.0
1143	352285-352378	1	-1	-1	0.0
1144	132506-132507	1	-1	-1	0.048
1145	352354-352357	1	-1	-1	0.0
1146	332394-332401	1	-1	-1	0.008
1147	1272116-1272130	1	-1	-1	0.0
1148	352402-1370107	1	-1	-1	0.0
1149	438251-438825	1	-1	-1	0.038
1150	131811-277038	1	1	1	0.78
1151	332398-332422	1	-1	-1	0.0
1152	438825-439019	1	-1	-1	0.02
1153	394982-438251	1	-1	-1	0.006
1154	374955-375003	1	1	1	0.522
1155	352526-394022	1	-1	-1	0.004
1156	394824-438620	1	1	1	0.572
1157	352524-394743	1	-1	-1	0.216
1158	306341-319875	1	-1	-1	0.0
1159	276875-276906	1	-1	-1	0.0
1160	131878-277072	1	-1	-1	0.036
1161	332386-332402	1	-1	-1	0.0
1162	374951-375049	1	-1	-1	0.016
1163	319377-352285	1	-1	-1	0.0
1164	394984-438253	1	-1	-1	0.016
1165	352285-352347	1	-1	-1	0.0
1166	381823-382014	1	-1	-1	0.012
1167	276990-277055	1	-1	-1	0.002
1168	352520-438313	1	1	1	1.0
1169	352526-395199	1	-1	-1	0.004
1170	346697-346705	1	1	-1	0.48
1171	306375-319874	1	-1	-1	0.374
1172	306376-319808	1	-1	-1	0.02
1173	352519-394982	1	1	1	1.0
1174	319758-319864	1	-1	-1	0.0
1175	346765-438483	1	-1	-1	0.004
1176	395198-395199	1	-1	-1	0.002
1177	438621-438889	1	-1	1	0.61
1178	352524-438755	1	-1	-1	0.106
1179	394024-438755	1	-1	-1	0.0
1180	306341-319880	1	-1	-1	0.0
1181	375004-375005	1	-1	-1	0.274
1182	360018-360052	1	-1	-1	0.02
1183	1532669-1532687	1	-1	-1	0.002
1184	352518-439019	1	1	1	0.782
1185	395199-438825	1	-1	-1	0.0
1186	276906-276929	1	-1	-1	0.0
1187	332385-332401	1	-1	-1	0.0
1188	381619-381824	1	1	1	0.768
1189	1272107-1272115	1	-1	-1	0.006
1190	1272106-1272132	1	-1	-1	0.014
1191	1272125-1272131	1	-1	-1	0.0
1192	394023-438619	1	-1	-1	0.0
1193	438483-1370107	1	-1	-1	0.0
1194	352401-438544	1	-1	-1	0.0
1195	131389-132507	1	1	-1	0.39
1196	308368-319397	1	-1	1	0.516
1197	306376-319909	1	-1	-1	0.094
1198	57036-57042	1	-1	-1	0.0
1199	346750-346758	1	-1	-1	0.002
1200	381871-381915	1	-1	-1	0.004
1201	394741-438313	1	-1	-1	0.0
1202	438313-438758	1	-1	-1	0.008
1203	394981-438757	1	-1	1	0.53
1204	438313-438825	1	-1	-1	0.042
1205	346711-346717	1	-1	-1	0.062
1206	332384-332418	1	-1	-1	0.004
1207	250277-252291	1	-1	-1	0.006
1208	394889-439020	1	-1	-1	0.048
1209	319766-319889	1	-1	-1	0.0
1210	319748-319792	1	-1	-1	0.0
1211	254824-297683	1	-1	-1	0.0
1212	438620-438890	1	-1	-1	0.004
1213	381824-381870	1	-1	-1	0.002
1214	276883-277141	1	-1	-1	0.0
1215	332398-332404	1	-1	-1	0.018
1216	438822-438890	1	-1	-1	0.268
1217	276617-277071	1	-1	-1	0.004
1218	1272115-1272130	1	-1	-1	0.018
1219	297412-297801	1	-1	-1	0.002
1220	394822-438691	1	-1	-1	0.002
1221	394821-438757	1	-1	1	0.546
1222	319863-319879	1	-1	-1	0.0
1223	346700-346703	1	-1	-1	0.092
1224	394984-395063	1	-1	-1	0.054
1225	267111-267188	1	-1	-1	0.0
1226	352519-395198	1	1	1	0.92
1227	276617-276883	1	-1	-1	0.0
1228	352520-438620	1	1	1	1.0
1229	332375-332412	1	1	1	0.852
1230	394822-395063	1	1	1	0.814
1231	394887-394983	1	1	1	0.998
1232	381824-381967	1	-1	-1	0.09
1233	438689-438948	1	-1	-1	0.166
1234	352520-395128	1	1	1	1.0
1235	401887-402029	1	-1	-1	0.002
1236	319864-319875	1	-1	-1	0.0
1237	381917-381965	1	-1	-1	0.052
1238	352520-438949	1	1	1	0.994
1239	1272098-1272121	1	-1	-1	0.002
1240	395063-395198	1	-1	-1	0.088
1241	1272122-1272125	1	-1	-1	0.0
1242	352285-352377	1	-1	-1	0.0
1243	1272118-1272125	1	-1	-1	0.0
1244	352524-394820	1	-1	-1	0.234
1245	319765-319816	1	-1	-1	0.012
1246	319713-321833	1	1	1	0.794
1247	1272098-1272110	1	-1	-1	0.002
1248	394824-438890	1	1	1	0.58
1249	394822-395199	1	1	-1	0.37
1250	131316-277093	1	1	1	0.942
1251	254812-254931	1	-1	-1	0.12
1252	438949-439019	1	-1	-1	0.02
1253	394889-438692	1	-1	-1	0.002
1254	381233-381913	1	1	-1	0.2
1255	360045-360055	1	1	-1	0.052
1256	319408-533214	1	-1	-1	0.242
1257	352521-395126	1	-1	-1	0.04
1258	346765-1370115	1	-1	-1	0.088
1259	332386-332403	1	-1	-1	0.0
1260	438132-1370115	1	-1	-1	0.002
1261	394821-438822	1	1	1	0.812
1262	395127-438825	1	-1	-1	0.004
1263	332371-332393	1	-1	-1	0.004
1264	438060-1370112	1	1	1	0.97
1265	352525-438618	1	-1	-1	0.104
1266	381865-381906	1	-1	-1	0.446
1267	381771-381823	1	-1	-1	0.026
1268	319765-319799	1	-1	-1	0.012
1269	370108-523873	1	-1	-1	0.034
1270	438251-438689	1	-1	-1	0.0
1271	394889-438546	1	-1	-1	0.012
1272	319865-319874	1	1	1	1.0
1273	394888-438890	1	1	1	0.92
1274	1370109-1370115	1	-1	-1	0.012
1275	394820-438692	1	-1	-1	0.0
1276	346765-1370057	1	-1	-1	0.016
1277	395198-438825	1	-1	-1	0.042
1278	395199-438620	1	-1	-1	0.022
1279	319428-438692	1	-1	-1	0.0
1280	1272102-1272135	1	-1	-1	0.078
1281	332386-332417	1	-1	-1	0.004
1282	319880-319889	1	-1	-1	0.0
1283	131997-132094	1	-1	-1	0.04
1284	352398-438252	1	-1	-1	0.0
1285	394820-439019	1	-1	-1	0.004
1286	395063-438691	1	1	1	0.978
1287	132507-276528	1	-1	-1	0.284
1288	1532676-1532679	1	1	1	0.972
1289	438358-1370113	1	-1	-1	0.002
1290	319489-352519	1	1	1	1.0
1291	332383-332387	1	-1	-1	0.0
1292	1272103-1272135	1	-1	-1	0.096
1293	370136-370139	1	1	-1	0.47
1294	319766-319816	1	-1	-1	0.0
1295	352521-394024	1	-1	-1	0.0
1296	352398-1370111	1	-1	-1	0.0
1297	1532679-1532686	1	-1	-1	0.0
1298	346716-350100	1	1	1	0.788
1299	381619-381665	1	1	1	0.738
1300	251265-253844	1	-1	-1	0.07
1301	395061-438890	1	-1	-1	0.074
1302	366564-366568	1	-1	1	0.664
1303	263671-263701	1	1	1	0.746
1304	1272117-1272122	1	-1	-1	0.008
1305	1532669-1532670	1	-1	-1	0.004
1306	132064-276910	1	-1	-1	0.0
1307	395061-438950	1	-1	-1	0.094
1308	394983-438889	1	-1	-1	0.374
1309	395199-438618	1	-1	1	0.654
1310	319724-321813	1	-1	-1	0.214
1311	332373-332401	1	-1	-1	0.0
1312	346701-346709	1	-1	-1	0.03
1313	366556-366565	1	-1	-1	0.172
1314	263659-263698	1	1	1	0.644
1315	352325-438420	1	-1	-1	0.0
1316	332392-332401	1	-1	-1	0.002
1317	523754-523782	1	-1	-1	0.018
1318	352532-438315	1	-1	-1	0.0
1319	319894-319918	1	1	1	1.0
1320	267047-267223	1	1	1	0.908
1321	132132-277079	1	1	-1	0.474
1322	394887-438824	1	1	1	0.958
1323	1272116-1272132	1	-1	-1	0.0
1324	394821-438313	1	-1	-1	0.038
1325	305220-1330248	1	1	1	1.0
1326	332387-332422	1	-1	-1	0.0
1327	251400-251702	1	-1	-1	0.07
1328	321856-1407014	1	-1	-1	0.008
1329	366553-366565	1	-1	-1	0.05
1330	319863-319874	1	1	1	1.0
1331	306376-319748	1	-1	-1	0.04
1332	438689-438822	1	1	1	0.908
1333	395199-438621	1	-1	-1	0.02
1334	319428-439019	1	-1	-1	0.0
1335	1370108-1370113	1	-1	-1	0.016
1336	254778-297316	1	-1	-1	0.0
1337	352400-1370109	1	-1	-1	0.0
1338	395061-395199	1	-1	-1	0.012
1339	1272116-1272131	1	-1	-1	0.0
1340	381669-381868	1	-1	-1	0.034
1341	319799-319918	1	-1	-1	0.002
1342	352401-1370106	1	-1	-1	0.0
1343	319792-319894	1	1	1	0.994
1344	1272124-1272133	1	-1	-1	0.058
1345	394023-438950	1	-1	-1	0.0
1346	319428-394820	1	-1	-1	0.0
1347	319791-319902	1	-1	-1	0.0
1348	263700-263847	1	-1	-1	0.092
1349	346702-346715	1	-1	-1	0.074
1350	352400-1370100	1	-1	-1	0.0
1351	319800-319901	1	1	1	1.0
1352	267024-267188	1	-1	-1	0.0
1353	254778-297303	1	-1	-1	0.0
1354	131355-276753	1	1	1	0.946
1355	395060-438948	1	1	-1	0.254
1356	332379-332386	1	-1	-1	0.0
1357	394022-439019	1	-1	-1	0.042
1358	346702-346707	1	-1	-1	0.028
1359	319791-319971	1	-1	-1	0.0
1360	332372-332374	1	-1	1	0.668
1361	319748-319879	1	-1	-1	0.0
1362	332369-332397	1	-1	1	0.77
1363	254824-297419	1	-1	-1	0.0
1364	438824-439020	1	1	1	0.786
1365	438063-1370109	1	-1	-1	0.036
1366	254800-297677	1	-1	-1	0.0
1367	276458-277141	1	-1	-1	0.004
1368	381232-381967	1	-1	-1	0.1
1369	319489-395063	1	-1	-1	0.09
1370	319737-1407014	1	-1	-1	0.026
1371	438255-1370112	1	1	1	0.972
1372	374955-375050	1	-1	-1	0.128
1373	1330238-1330242	1	-1	-1	0.004
1374	352525-438619	1	-1	-1	0.074
1375	332383-332421	1	-1	-1	0.002
1376	394023-394984	1	-1	-1	0.002
1377	306306-319910	1	-1	-1	0.014
1378	1272111-1272115	1	-1	-1	0.014
1379	381619-381871	1	1	1	0.8
1380	381871-382014	1	-1	-1	0.0
1381	438756-439020	1	-1	-1	0.34
1382	254785-297723	1	-1	-1	0.0
1383	352520-352524	1	1	1	0.936
1384	1532669-1532684	1	-1	-1	0.0
1385	254785-297316	1	-1	-1	0.066
1386	352399-438315	1	-1	-1	0.0
1387	370132-370139	1	1	-1	0.118
1388	263510-263847	1	1	1	0.664
1389	366553-366566	1	-1	-1	0.134
1390	306341-319749	1	-1	-1	0.002
1391	254796-297426	1	-1	-1	0.0
1392	438313-439019	1	-1	-1	0.004
1393	352333-352354	1	-1	-1	0.0
1394	370118-523876	1	-1	-1	0.012
1395	332402-332425	1	-1	-1	0.0
1396	346703-346712	1	-1	-1	0.206
1397	1370106-1370114	1	-1	-1	0.138
1398	319889-319910	1	-1	-1	0.002
1399	1272115-1272131	1	-1	-1	0.02
1400	352520-394742	1	1	1	1.0
1401	319738-321856	1	-1	-1	0.002
1402	394984-395060	1	-1	-1	0.0
1403	319879-319917	1	-1	-1	0.0
1404	132114-132637	1	-1	-1	0.068
1405	332404-332422	1	-1	-1	0.0
1406	352526-394888	1	1	1	0.89
1407	438315-1394466	1	-1	-1	0.002
1408	332390-332398	1	-1	-1	0.0
1409	319428-395127	1	-1	-1	0.004
1410	306376-319902	1	-1	-1	0.044
1411	394821-438546	1	-1	-1	0.134
1412	321833-321864	1	1	1	0.744
1413	438315-1370107	1	-1	-1	0.0
1414	438544-1370107	1	-1	-1	0.004
1415	381824-381871	1	-1	-1	0.01
1416	352400-1370107	1	-1	-1	0.0
